school_id	school	school_processed	district_id
48	पन्च कन्या प्राथमिक विधालय भलजिते, टक्सार-९	Panch Kanya Primary School Bhaljite, Taksar-9	11
128	कालिगण्डकी प्रा वि	Kaligandaki Primary School	27
147	माध्यमिक विधालय उ०मा०वि	Secondary School	27
225	निरनजना प्रा वि	Niranjana Primary School	27
252	माध्यमिक विधालय	secondary school	27
279	नव ज्योति प्रा वि	Nav Jyoti Primary School	27
306	ंकुमारी प्रा वि	Nkumari Primary School	27
307	भवानी प्रा वि	Bhawani Primary School	27
337	कामधेनु आधारभूत विद्यालय, तनुहँ	Kamdhenu Basic School, Tanuhan	46
420	सरस्वती आधारभूत विद्यालय चोकचिसापानी तनुहँ	Saraswati Basic School Chokchisapani Tanuhan	46
506	प्रा॰वि, गुरुखोला	Primary School, Gurukhola	51
609	शिद्धेश्वरी आधारभूत विद्यालय दिक्तेल रुपाकोट	Shiddeshwari Basic School Diktel Rupakot	30
741	गुप्तेश्वर निम्न माध्यमिक विधालय लामिडाँडा	Gupteshwar Lower Secondary School Lamidanda	39
800	साबित्रा मा वि	V. in Sabitra	16
802	दुधकोशी आधारभूत विद्यालय, माप्य दुधकोशी गा॰पा॰, साेलुखुम्बु	Dudhkoshi Basic School, Mapya Dudhkoshi Village, Salekhumbu	10
856	मा॰वि लालमारिया	Secondary School Lalmaria	25
910	माध्यमिक विद्यालय	Secondary school	27
917	गणेश प्राथमिक विधालय, राटामाडौ	Ganesh Primary School, Ratamadou	34
920	सीताराम प्राथमिक विधालय, वासुदेवी	Sitaram Primary School, Vasudevi	34
956	केदारअखडा माध्यमिक विधालय, केदारअखडा	Kedarakhra Secondary School, Kedarakhra	16
961	जनकल्याण नौलो विहानी प्राथमिक विद्यालय, सहिदभूमि, धनुकटा	Janakalyan Naulo Vihani Primary School, Sahidbhoomi, Dhanukta	2
1037	दोहोरिएको प्राथमिक विधालय	Repeated primary school	27
1057	सरस्वती उ॰ माध्यमिक विधालय, मरेङ, सूूूर्यथुम	Saraswati Higher Secondary School, Mareng, Soooryathum	13
1062	रिङ्गिन प्राथमिक विधालय मानिखेल	Ringin Primary School Manikhel	40
1130	पंचमी प्राथमिक विधालय, तम्फु	Panchami Primary School, Tamphu	46
1149	पंचामत प्रा॰वि, जलथल	Panchamat Primary School, Jalthal	62
1153	जोराघाछ माध्यमिक विधालय, पिपलचौर	Joragach Secondary School, Pipalchaur	27
1177	खप्तड आधारभूत विद्यालय, डाेटी	Khaptad Basic School, Dat	53
1219	सरस्वती प्रा॰वि प्राथमिक विधालय, सोबुवा	Saraswati Primary School Primary School, Sobuwa	34
1262	बर्थ पाली प्रा वि	Barth Pali Primary School	27
1265	मण्टेश्वरी मा वि	V. in Monteshwari	21
1294	पंच रत्न प्रा वि	Panch Ratna Primary School	27
1296	युवा वर्ष प्रा वि	Young Years Primary School	27
1320	चक्रेश्वर प्रा वि	Chakrashwar Primary School	27
1427	फरफोक उ॰ माध्यमिक विधालय	Farfolk Higher Secondary School	27
1438	बालबालिका प्रा वि	Bal 's Primary School	27
1441	जनता प्राथमिक विधालय, मैनाबुधुक	Janata Primary School, Mainabudhuk	40
1464	जनता उच्च माध्यमिक विधालय खुदुनावारी	Janata Higher Secondary School Khudunavari	21
1466	बि॰पि॰ प्राथमिक विधालय	B. P. Primary School	27
1505	राधा कृष्ण माध्यमिक विद्यालय तिजाली, डाेटी	Radha Krishna Secondary School Tijali, Dat	53
1514	केदार उच्च माध्यमिक विधालय देउलीकोट	Kedar Higher Secondary School Deulikot	64
1547	शंकरदेव प्राथमिक विधालय झरकाडा	Shankardev Primary School Jharkada	4
1590	जगन्नाथ प्रा वि	Jagannath Primary School	27
1631	आदर्शसौल, वुंगमती	Adarshaul, Vungmati	75
1662	वाँझकटेरी माध्यमिक विधालय	Vanjhkateri Secondary School	27
1717	सरस्वती प्रा॰ वि॰, शंखु	Saraswati Primary School, Shankhu	9
1735	प्राथमिक विधालय	Primary school	27
1814	ज्योति माध्यमिक विधालय, तोपगाछि-३	Jyoti Secondary School, Topagachi-3	50
1847	देउराली प्राथमिक विधालय, सल्यानकोट	Deurali Primary School, Salyankot	66
1883	मदननगर प्राथमिक विधालय विराटनगर	Madannagar Primary School Biratnagar	19
1931	च्युरी भन्ज्याङ प्रा वि	Chiuri Banjang Primary School	27
1936	ने॰रा॰नि॰मा॰वि प्राथमिक विधालय, बसन्तपुर	Nehra Minn Secondary School Primary School, Basantpur	25
1950	देउराली प्राथमिक विधालय प्युटार	Deurali Primary School, Putar	8
1990	किसिकोट आधारभूत विद्यालय, चन्द्रकोट	Kisikot Basic School, Chandrakot	30
2049	प्राथमिक विधालय दलिर्ङ प्रा॰वि॰	Primary School Dalirang Primary School	27
2055	ज्ञानेदय प्रा॰वि	Jnanedaya Primary School	27
2057	महेन्द्रोदय निम्न माध्यमिक विधालय खाल्टे	Mahendrodaya Lower Secondary School Khalte	5
2078	मार्पक पोखरा प्रा॰ वि॰	Marpak Pokhara Primary School	27
2079	निकुञ्ज मा॰ वि॰	Park Secondary School	27
2126	माध्यमिक विद्यालय बखरीभाठ, महोतरी	Secondary School Bakharibhat, Mahatari	22
2142	अमर सिंह उ॰ माध्यमिक विधालय	Amar Singh Higher Secondary School	27
2266	जनक प्रा वि	Janak Primary School	27
2286	जनसेवा प्राथमिक विधालय, भगवती	Public Service Primary School, Bhagwati	24
2332	श्री शन्ति विधाश्रम प्रा वि, ावपकिापिकवनपिमाव	Shree Shanti Vidhasram Primary School, Awapakiapikawanpimav	28
2347	कन्याकुमारी प्राथमिक विधालय, डिर्भना	Kanyakumari Primary School, Dirvana	40
2356	राम प्राथमिक विधालय, जुकेना	Ram Primary School, Jukena	63
2373	भगवती प्रा॰वि, गोर्खा, मनकामना	Bhagwati Primary School, Gorkha, Mankamana	40
2401	देउराली प्राथमिक विधालय, सीतापुर	Deurali Primary School, Sitapur	24
2426	शारदा प्राथमिक विधालय, हंसपुर	Sarada Primary School, Hanspur	1
2427	गोरक्षानाथ प्राथमिक विधालय, पणेना	Gorakshanath Primary School, Panena	8
2436	भगवती प्राथमिक विधालय, खाचीकोट	Bhagwati Primary School, Khachikot	64
2479	अमर प्राथमिक विधालय, बल्कोट	Amar Primary School, Balkot	64
2482	बाल शिक्षा सदन प्रा वि	Bal Shiksha Sadan Primary School	27
2523	कालीका प्राथमिक विधालय, धातीवाङग	Kalika Primary School, Dhatiwang	31
2535	धातिवाङग प्राथमिक विधालय, धातिवाङग	Dhatiwang Primary School, Dhatiwang	31
2545	कालीका प्राथमिक विधालय, सुर्वणखाल	Kalika Primary School, Survankhal	67
2566	काभ्रे प्राथमिक विधालय बल्कोट	Kavre Primary School Balkot	64
2579	भगवती प्राथमिक विधालय, वाङला	Bhagwati Primary School, Wangla	61
2580	भगवती निम्न माध्यमिक विधालय, ठूलापोखरा	Bhagwati Lower Secondary School, Dhakpokhara	16
2581	बाल प्रबोधिनि प्राथमिक विधालय कास्कीकोट	Bal Prabodhini Primary School Kaskikot	38
2588	भगवती प्राथमिक विधालय, धारापानी	Bhagwati Primary School, Dharapani	31
2591	ने॰रा॰शिव निम्न माध्यमिक विधालय	Nehra Shiv Lower Secondary School	27
2618	सिद्वाथ प्राथमिक विधालय, जुकेना	Sidwath Primary School, Jukena	63
2629	अमर प्राथमिक विधालय, थुमपोखरा	Amar Primary School, Thumpokhara	16
2653	बिद्या बिकास प्राथमिक विधालय, डिर्भना	Vidya Bikas Primary School, Dirvana	40
2731	साधनबुटा प्राथमिक विधालय, खिदिम	Sadhanbuta Primary School, Khidim	5
2732	सरस्वती निम्न माध्यमिक विधालय वाङला	Saraswati Lower Secondary School, Bangla	57
2841	घेराउ देवी निगाले प्रा वि	Gherau Devi Nigale Primary School	27
2874	बंशगोपाल उ॰ माध्यमिक विधालय	Banshgopal Higher Secondary School	27
2947	बालमन्दिर प्राथमिक विधालय, सन्धिखर्क	Balmandir Primary School, Sandhikhark	9
2951	कालिका आधारभूत विद्यालय, मनकामना	Kalika Basic School, Mankamana	40
2986	ने॰रा॰उ॰ माध्यमिक विद्यालय, ठूलापोखरा, अर्घाखाँची	NERA HIGHER SECONDARY SCHOOL	27
3006	गोरखनाथ प्राथमिक विधालय पणेना	Gorakhnath Primary School Panena	8
3033	नुवार प्रा वि	Nuwar Primary School	27
3049	वाल मन्दिर प्राथमिक विधालय, पुतलीबजार	Wall Mandir Primary School, Putlibazar	8
3055	माधकालेश्वर प्रा वि	Madkaleshwar Primary School	27
3063	ने॰रा॰सरस्वती प्राथमिक विधालय, नरपानी	Nera Saraswati Primary School, Narapani	48
3081	पव्लिक उ॰ माध्यमिक विधालय	Public Higher Secondary School	27
3148	ने॰रा॰प्रा।॰वि, कँडुले	Nehra University, Kandule	23
3190	नेत्रजोती प्रा वि	Netrajoti Primary School	27
3215	शान्ति प्राथमिक विधालय, सिद्धार	Shanti Primary School, Siddhar	8
3245	जनकल्याण माध्यमिक विधालय भगवती	Public Kalyan  Secondary School Bhagwati	24
3291	शारदा उ॰ माध्यमिक विधालय, ढिकुुरा	Sarada Higher Secondary School, Dhikura	72
3341	लक्ष्मी प्राथमिक विधालय, अर्जुन चौपारी	Lakshmi Primary School, Arjun Chowpari	21
3387	विरेन्द्र निम्न माध्यमिक विधालय, धारापानी	Virendra Lower Secondary School, Dharapani	31
3412	जनता प्राथमिक विधालय, सिद्धार	Janata Primary School, Siddhar	8
3422	गौतम प्राथमिक विधालय, किमडाँडा	Gautam Primary School, Kimdanda	49
3444	जनज्योति प्रा॰वि, तम्का डिम्वरी	Janjyoti Primary School, Tamka Dimvari	21
3459	कल्याण प्राथमिक विधालय, जुकेना	Kalyan Primary School, Jukena	63
3484	जनमुखी प्राथमिक विधालय, सिद्धार	Janmukhi Primary School, Siddhar	8
3494	दोवोङ पोखरी प्राथमिक विधालय बराम्ची	Dowong Pond Primary School Baramchi	16
3507	दुर्गा प्राथमिक विधालय, जुकेना	Durga Primary School, Jukena	63
3530	महेन्द्र निम्न माध्यमिक विधालय, फोक्सिङ्कोट	Mahendra Lower Secondary School, Foxingkot	64
3695	रन भुवनेश्वरी मा वि	Vs. in Run Bhuvaneshwari	21
3700	जनबिकास प्राथमिक विधालय, किमडाँडा	Janbikas Primary School, Kimdanda	49
3714	बिन्धवासीनी उ॰ माध्यमिक विधालय	Bindwasini Higher Secondary School	27
3799	भुलाबारी प्रा वि	Bhulbari Primary School	27
3803	वटुक भैरव प्राथमिक विधालय, बनथोक	Watuk Bhairav Primary School, Banthok	57
3852	पा स मा वि	V. in Pa	52
3912	नयां नेपाल आधारभूत विद्यालय, कालीखोला	New Nepal Basic School, Kalikhola	64
3934	महे्नद्र किरण्ा प्रा वि	Mahendra Kiran Primary School	27
3976	तुलसी प्राथमिक विधालय, सिद्धारा	Tulsi Primary School, Siddhara	16
3995	दुनिपोखरा प्राथमिक विधालय, वाङला	Dunipokhara Primary School, Wangla	61
4005	वतासातुलसी, पाल्पा प्राथमिक विधालय	Watasatulsi, Palpa Primary School	27
4010	शंकरज्योती निम्न माध्यमिक विधालय, सिद्धार	Shankarjyoti Lower Secondary School, Siddhar	8
4038	रिकोट निम्न माध्यमिक विधालय, सिमलपानी	Ricot Lower Secondary School, Simalpani	52
4048	दोहरिएको निम्न माध्यमिक विधालय	Repeated Lower Secondary School	27
4059	कृष्ण प्राथमिक विधालय, सिमलपानी	Krishna Primary School, Simalpani	52
4104	ईश्वरी प्राथमिक विधालय, चिदिका	Ishwari Primary School, Chidika	29
4105	दोहरिएको प्राथमिक विधालय	Duplicate Primary School	27
4111	ने सा उ माध्यमिक विधालय, ठूलापोखरा	Ne Sa U Secondary School, Big Pokhara	16
4113	मानेडाडाँ उ॰ माध्यमिक विधालय, झ्याकू-४, दोखला	Manedada Higher Secondary School, Jyaku-4, Dokhla	60
4130	शहिद दश्रथ निम्न माध्यमिक विधालय	Shahid Dashrath Lower Secondary School	27
4146	प्रमा नि॰मा॰वि, पाखापाती	Prama Lower Secondary School, Pakhapati	4
4159	दुर्गा प्राथमिक विधालय, सन्धिखर्क	Durga Primary School, Sandhikhark	9
4196	गलेखर मा॰वि, पाखापाती	Galekhar Secondary School, Pakhapati	4
4204	रुद्रकाली प्राथमिक विधालय नामदी	Rudrakali Primary School Namadi	70
4288	मक्तिधाम प्रा वि	Makti Dham Primary School	27
4297	जनकल्याण्ा नि॰मा॰वि, पाखापाती	Janakalyana Lower Secondary School, Pakhapati	4
4300	रामचन्द्र नि॰मा॰वि, पाखापाती	Ramchandra Lower Secondary School, Pakhapati	4
4304	कामरु देवी नि मा वि	Kamaru Devi Lower Secondary School	27
4342	कालीका प्राथमिक विधालय, रत्नपुर	Kalika Primary School, Ratnapur	14
4372	मदरसा कादिरयाओ मदिना प्राथमिक विधालय, बडालम्जी	Madrasa Qadirayao Medina Primary School, Badalamji	3
4437	वोर्लाङ्ग भुमे प्राथमिक विद्यालय, छाप, नुवाकाेट	Worlang Bhume Primary School, Seal, Nuwara Eliya	58
4474	शान्ति निकेतन प्रा वि	Shanti Niketan Primary School	27
4477	सरस्वती निम्न माध्यमिक विधालय, ठूलामोखरा	Saraswati Lower Secondary School, Takkamokhara	16
4568	सरस्वती प्राथमिक विधालय, थापाठाना, पबर्त	Saraswati Primary School, Thapathana, Pabarta	2
4603	कालिका माध्यमिक विधालय नौगाउ	Kalika Secondary School Naugau	43
4610	मणीलेक निम्न माध्यमिक विधालय निन्तोला	Manilek Lower Secondary School Nintola	32
4675	जनज्योति प्राथमिक विधालय, गोटगाँउ	Janjyoti Primary School, Gotgaon	37
4680	शिवशंकर प्राथमिक विधालय वजकोट	Shivshankar Primary School Wajkot	64
4704	शिवशंकर माध्यमिक विधालय, पिपलाडी	Shivshankar Secondary School, Pipladi	70
4735	सारदा देवी प्रा वि	Sarada Devi Primary School	27
4741	असिग्राम प्राथमिक विधालय हरडी	Asigram Primary School Hardi	58
4754	कृष्ण प्राथमिक विधालय, काडादेवी	Krishna Primary School, Kadadevi	73
4782	निम्न माध्यमिक विधालय	Lower Secondary School	27
4784	महेन्द्र उग्र मा॰वि, पाखापाती	Mahendra Ugra Secondary School, Pakhapati	4
4792	त्रिपुरासुन्दरी निम्न माध्यमिक विधालय विरखम्व	Tripurasundari Lower Secondary School Virkhamva	37
4800	प्रयागेश्वर नि मा वि	Prayageshwar Lower Secondary School	27
4811	बिर बलभद्र उ॰ माध्यमिक विधालय कोटेली	Bir Balabhadra Higher Secondary School Koteli	76
4843	कृष्ण्ाध्वज नि॰मा॰वि, कैलाली, घुँसी	Krishnadhwaj Lower Secondary School, Kailali, Ghunsi	11
4849	भिमेश्वर प्राथमिक विधालय, चनाखु	Bhimeshwar Primary School, Chanakhu	50
4850	जनता नि॰मा॰वि, पाखापाती	Janata Lower Secondary School, Pakhapati	4
4870	सिद्धनाथ प्राथमिक विधालय लालपुर	Siddhanath Primary School Lalpur	43
4872	दहो प्राथमिक विधालय	Daho Primary School	27
4873	वैजनाथ निम्न माध्यमिक विधालय सलेता	Vaijnath Lower Secondary School Saleta	66
4900	हरिसिद्धि प्राथमिक विधालय, चनाखु	Harsiddhi Primary School, Chanakhu	50
4909	सिद्धनाथ माध्यमिक विधालय, मलास	Siddhanath Secondary School, Malas	40
4921	उ॰ माध्यमिक विधालय, अरुणडाँडा	Higher Secondary School, Arundanda	50
4949	बालकल्याण प्राथमिक विधालय कालीकाटार हात्तिपाइले	Bal  Kalyan  Primary School, Calicut, Hattipail	76
4962	धौलागिरी मा॰वि, पाखापाती	Dhaulagiri Secondary School, Pakhapati	4
4967	पंचदेव मा वि	V. in Panchdev	8
5013	सेती देवी नि मा वि	Seti Devi Lower Secondary School	27
5064	प्रा॰वि, खवरीनाका	Primary School, Khawarina	5
5088	निम्न माध्यमिक विधालय, रापाटार, लखिमा	Lower Secondary School, Rapatar, Lakhima	32
5089	हुनैनाथ मा वि	v. in Hunainath	61
5099	सनि स्थान प्रा वि	Sani Sthana Primary School	27
5103	ब्रम्हस्थान प्रा वि	Brahmasthan Primary School	27
5115	कैलारापाति नि मा वि	Kailarapati Lower Secondary School	27
5134	विनायक निम्न माध्यमिक विधालय, कालीमाटी	Vinayak Lower Secondary School, Kalimati	64
5144	सिद्धनाथ माध्यमिक विधालय, बडैपुर	Siddhanath Secondary School, Badaipur	1
5147	महेन्द्र प्रा॰वि, तापा	Mahendra Primary School, Tapa	4
5174	ओखेनी प्राथमिक विधालय	Okheni Primary School	27
5203	अन्पूर्ण निम्न माध्यमिक विधालय, धारापानी	Anpoorna Lower Secondary School, Dharapani	31
5207	श्री प्रा वि	Mr. Primary School	27
5219	ने॰रा॰प्रा॰वि कोटिया, कालाफाँट	Nehra Primary School Kotia, Kalaphant	64
5242	ने॰रा॰ प्राथमिक विधालय, किगरीयनपुर्वा	NERA PRIMARY SCHOOL, KIGARIAN PURVA	56
5244	प्रगतिशिल उ॰ माध्यमिक विधालय, भिरपानी	Pragatisheel Higher Secondary School, Bhirpani	49
5251	कालिका माध्यमिक विधालय, कालिका	Kalika Secondary School, Kalika	64
5292	सिह देवी प्रा वि	Seeh Devi Primary School	27
5301	नव किरण्ा प्रा वि	Nava Kira Primary School	27
5333	रा प्रा बि धनुषा धाम प्राथमिक विधालय	Ra Primary School Dhanusha Dham Primary School	27
5368	भृङगेश्वर निम्न माध्यमिक विधालय, विजुलिकोट	Bhringeshwar Lower Secondary School, Vijulikot	64
5402	माध्यमिक विधालय पाखापानी	Secondary School Pakhapani	4
5440	सूर्य ज्योति प्राथमिक विधालय, लखनपुर	Surya Jyoti Primary School, Lakhanpur	77
5502	माध्यमिक विधालय टिटिहिरीया	Secondary School Titihiriya	58
5543	भूवनेश्वरी माध्यमिक विधालय जैसेरा	Bhubaneswari Secondary School Jegera	16
5555	चण्डेश्वरी उ॰ माध्यमिक विधालय, सिपु	Chandeswari Higher Secondary School, Sipu	19
5570	सिताराम निम्न माध्यमिक विधालय रेल	Sitaram Lower Secondary School Rail	76
5573	दुउली प्रा॰वि	Duuli Primary School	27
5574	जनसेवा प्राथमिक विधालय सवालीटोल बसाहा	Jansewa Primary School Sawalitol Basaha	19
5609	नेपलगञ्ज कन्या माध्यमिक विद्यालय सल्यानी बाग, नेपालगंज	Nepalganj Girls Secondary School Salyani Bagh, Nepalganj	26
5625	वालशिक्षा प्राथमिक विधालय रजगढवा	Walshiksha Primary School Rajgarhwa	34
5646	कृष्ण माध्यमिक विधालय कौशिलानगर	Krishna Secondary School Kaushilanagar	76
5659	मनकामना प्राथमिक विधालय डाँडाखर्क	Manakamana Primary School Dandakharak	53
5664	अजमेरु निम्न माध्यमिक विधालय रोल्ली	Ajmeru Lower Secondary School Rolli	55
5665	दुदेसिल्ली प्रा॰वि	Dudesilli Primary School	27
5682	ज्ञानज्योती निम्न माध्यमिक विधालय वगिया	Gyanjyoti Lower Secondary School Wagiya	58
5720	रा प्रा वि, सिस्वा माल्हा	Ra Primary School, Siswa Malha	40
5786	महेश्वर प्रा वि	Maheshwar Primary School	27
5788	लेखफाट प्रा वि	Lekhphat Primary School	27
5811	विधा आर्जन माध्यमिक विधालय, रानीटार, पाचँथर	Vidya Arjan Secondary School, Ranitar, Pachanthar	8
5840	राम बि प्रा वि	Ram B Primary School	27
5849	बिनु प्रा वि	Binu Primary School	27
5880	समावेशी माध्यमिक विधालय, तिलकपुर	Comprehensive Secondary School, Tilakpur	32
5923	निम्न माध्यमिक विधालय, कण्ठीपुर	Lower Secondary School, Kanthipur	77
6009	रा॰ प्राथमिक विधालय चिकना	Raj Primary School Chikna	29
6017	लिमिढाना नि मा वि	Limidhana Lower Secondary School	27
6063	आनन्देश्वर आधारभूत विद्यालय ठुलाछाप, ओलखढुंगा	Anandeshwar Basic School Thulachap, Olakhdhunga	7
6151	ने॰रा॰ प्राथमिक विधालय, उमरावसिहपुर्वा	NERA PRIMARY SCHOOL, Umrawasihpurwa	48
6197	ने॰रा॰प्रा वि, डलेपूर्वा	NERA PRIMARY SCHOOL, Dalepurva	53
6198	ज्ञानदिप माध्यमिक विधालय, डलैपुर्जा	Gnandeep Secondary School, Dalaipurja	53
6206	विन्ध्वासिनि प्रा वि, मंगलटार	Vindhwasini Primary School, Mangaltar	40
6220	वशिष्ठ प्राथमिक विधालय, मोराहाङग	Vasishtha Primary School, Morahang	6
6221	लुलाङ् आधारभूत विद्यालय, म्यादी	Lulang Basic School, Madi	70
6262	देउराली नि॰मा॰वि, पाखापाती	Deurali Lower Secondary School, Pakhapati	4
6268	सरस्वती निम्न माध्यमिक विधालय भित्रिसैन	Saraswati did not enter lower secondary school	27
6313	कमला निम्न माध्यमिक विधालय, जाल्पा	Kamala Lower Secondary School, Jalpa	52
6329	सरस्वती माध्यमिक विद्यालय जमुनिया, बद्धिया	Saraswati Secondary School Jamunia, Badgia	16
6368	भानुभक्त नि मा वि	Bhanubhakta Lower Secondary School	27
6410	बाल ज्योती निम्न माध्यमिक विद्यालय	Bal Jyoti Lower Secondary School	27
6474	ने॰रा॰ निम्न माध्यमिक विधालय, सुइयापिप्रहवा	NERA Lower Secondary School, Suiyapiprahwa	19
6487	शान्ति बाल शिक्षा आधारभूत विद्यालय केरावारी	Shanti Bal  Education Basic School Kerawari	21
6503	शालिजा प्रा वि	Shalija Primary School	27
6516	सतलीश्वर माध्यमिक विद्यालय, गुन्सी	Satlishwar Secondary School, Gunsi	51
6526	प्रा वि चाकलधाट	Primary School Chakaldhat	17
6625	जब युवक प्रा वि	When the youth primary school	27
6663	सीराङ भुमी प्रा वि	Seerang Bhumi Primary School	27
6685	प्रा॰वि धिपुदह, रुकुमकोट	Primary School Dhipudah, Rukumkot	56
6716	शवशंकर प्राथमिक विधालय साननी	Shavshankar Primary School Sanni	9
6724	ज॰रा॰ प्राथमिक विद्यालय देउरी भरुवा	J. R. Primary School Deuri Bharuva	24
6780	त्रिभुवन उ॰ माध्यमिक विधालय, डेउढाकला -९ बद्धिया	Tribhuvan Higher Secondary School, Deudhakala-9 Badgia	16
6788	लश्रमी खोला प्रा वि	Lashrami Khola Primary School	27
6791	मालिका नि मा वि	Malika Lower Secondary School	27
6851	बाल मन्दिर प्रा वि	Bal Mandir Primary School	27
6880	ग्वासी प्रा॰वि, कैलाली, सिराडी	Gwasi Primary School, Kailali, Siradi	19
6883	जाल्पादेवी प्रा वि	Jalpadevi Primary School	27
6905	मामुक्तेश्वर निम्न माध्यमिक विधालय नानीगाड	Mamukteshwar Lower Secondary School Nanigad	43
6938	मोहनी प्रा॰वि गोर्खेभञ्ज्या, ढापुक	Mohni Primary School Gorkhebhanjya, Dhapuk	31
6944	भुवनेश्वरी माध्यमिक विधालय पालिवकायल	Bhubaneswari Secondary School Palivkayal	52
6989	कालिदेवी प्राथमिक विधालय, चिसापानी	Kalidevi Primary School, Chisapani	29
7000	फुलचोकी मा वि	V. in Phulchoki	27
7016	ने॰रा॰ प्राथमिक विधालय होलही	It will be a primary school	27
7038	बन्दीनाथ प्रा वि	Bandinath Primary School	27
7116	ओम शिव शंकर प्राथमिक विधालय	Om Shiv Shankar Primary School	27
7134	त्रि ॰ माध्यमिक विधालय, कटारी	3rd Secondary School, Katari	21
7185	युवावर्ष प्राथमिक विधालय, नरसिंनेटा वरौला	Yuvavarsha Primary School, Narsinetta Varaula	74
7202	निङ्गलाखसैनी बेतडि आधारभूत विद्यालय	Ningalakhsaini Betdi Basic School	27
7233	लटेश्वर माध्यमिक विधालय मालम	Lateshwar Secondary School Malam	3
7252	आर्दश मनिलेक प्राथमिक विधालय लटसेर	Ardash Manilek Primary School, Latser	39
7270	जनविकाश प्रा वि	Jan Vikash Primary School	27
7316	भृकुटी नमूना प्राथमिक विधालय खलगां	Bhrikuti Sample Primary School Khalgaon	5
7351	प्राथमिक विधालय सानी अम्वापुर	Primary School Sani Amwapur	14
7381	सिद्धार्थ नि॰मा॰वि, पाखापाती	Siddharth Lower Secondary School, Pakhapati	4
7401	ने रा प्रा वि, फेचु	Ne Ra Primary School, Fechu	74
7402	छायाक्षेत्र प्राथमिक विद्यालय तलितुम, मगु	Chhayashetra Primary School Talitum, Magu	65
7407	मंगलोदय माध्यमिक विधालय, थानकोट	Mangalodaya Secondary School, Thankot	64
7422	भागेश्वरी निम्न माध्यमिक विधालय सतीगाउ	Bhageswari Lower Secondary School Satigau	66
7423	गणेश निम्न माध्यमिक विधालय धिमाडा	Ganesh Lower Secondary School Dhimada	31
7424	कैलपाल प्राथमिक विधालय सिलंगी	Kaipal Primary School Silangi	76
7444	राम कोस फुलबारी माध्यमिक विधालय, पतलीबजार	Ram Kos Phulbari Secondary School, Thinh Bazar	8
7450	घुव ज्योती प्रा वि	Ghuv Jyoti Primary School	27
7484	माध्यमिक विधालय रामनगर	Secondary School Ramnagar	33
7499	मुक्तिमार्ग मा॰वि, पाखापाती	Muktimarg Secondary School, Pakhapati	4
7543	लक्ष्मी देवी वावुलाल हंसवाहिनी निम्न माध्यमिक विधालय	Lakshmi Devi Vavulal Hansvahini Lower Secondary School	27
7557	भागेश्वर निम्न माध्यमिक विधालय चूल्लु	Bhageshwar Lower Secondary School Chullu	29
7591	श्री कैलाली प्रा वि	Sri Kailali Primary School	27
7625	शादरा माध्यमिक विधालय	Shadara Secondary School	27
7662	दुर्गा निम्न माध्यमिक विधालय सूवाकोट	Durga Lower Secondary School Suwakot	30
7674	जनचेतना प्राथमिक विधालय रुलाकोट	Public Awareness Primary School Rulakot	30
7678	आर्दश प्राथमिक विधालय भिरकोट	Ardash Primary School Bhirkot	62
7736	जीवन प्रदीप माध्यमिक विधालय हर्कपुर	Jeevan Pradeep Secondary School Harakpur	16
7777	चन्द्रोदय प्राथमिक विधालय, थर्पु, पाचँथर	Chandradaya Primary School, Tharpu, Pachanthar	8
7779	सिद्धि विनायक निम्न माध्यमिक विधालय	Siddhi Vinayak Lower Secondary School	27
7933	श्री फुलबारी प्रा वि	Sri Phulbari Primary School	27
7976	जन चाहना निम्न माध्यमिक विधालय, डुम्रनी बद्धिया	People Want Lower Secondary School, Dumrani Badgia	16
8080	र्श्री स प्रा वि	Sri S Primary School	27
8081	राष्टि्र्रय प्रा॰वि, कैलाली, खैलाड	National Primary School, Kailali, Khailad	76
8093	रा॰ स॰ माध्यमिक विद्यालय मटिहानी महोतरी	State Secondary School Matihani Mahatari	22
8117	प्राथमिक विधालय खुग्रीकोट	Primary School Khugrikot	64
8140	माध्यमिक विधालय खुँग्री	Secondary School Khungri	7
8176	समाज कल्याण प्राथमिक विधालय, तिल्केनी धुवाङ	Social Kalyan  Primary School, Tilkeni Dubang	53
8212	गणेश बाँके प्राथमिक विद्यालय	Ganesh Banke Primary School	27
8244	सुक्रराज प्रा वि	Sukraraj Primary School	27
8379	जानकी निम्न माध्यमिक विधालय, जनकनगर बद्धिया	Janaki Lower Secondary School, Janaknagar Badgia	16
8420	टिकोट मा॰वि, पाखापाती	Tikot Secondary School, Pakhapati	4
8426	दिप ज्याती प्राथमिक विधालय, दहथुम	Dip Jaati Primary School, Dahthum	13
8432	पद्य प्रकाश प्रा वि	Padya Prakash Primary School	27
8445	श्री शन्ति विधाश्रम प्रा वि	Shree Shanti Vidhasram Primary School	27
8454	श्री गडरी प्रा वि	Shree Gadari Primary School	27
8469	श्री मंगलेश्वर प्रा वि	Shree Mangleshwar Primary School	27
8483	राष्टि्रय मा॰वि, पाखापाती	Rashtriya Secondary School, Pakhapati	4
8487	पौलाच्य मा॰वि, पाखापाती	Paulachya Secondary School, Pakhapati	4
8491	ज्योति नि॰मा॰वि, पाखापाती	Jyoti Lower Secondary School, Pakhapati	4
8492	आर्दश मा॰वि, पाखापाती	Ardash Secondary School, Pakhapati	4
8517	धौलागिरी प्रा वि	Dhaulagiri Primary School	27
8538	धनपाण्डे नि॰मा॰वि, पाखापाती	Dhanpande Lower Secondary School, Pakhapati	4
8544	राम शाह प्रा॰वि॰ वनत, िडोल्पा	Ram Shah Primary School Vanat, Dilpa	52
8551	भिम मा॰वि, पाखापाती	Bhim Secondary School, Pakhapati	4
8557	जनता प्रा॰वि, कैलाली, पहलवानपुर	Janata Primary School, Kailali, Pahlwanpur	28
8651	जनकल्याण प्राथमिक विद्यालय थारमोर	Janakalyan Primary School Tharmore	8
8658	प॰नि॰मा॰वि, नखर्जी	The following secondary school, Nakherji	67
8704	शिवगदी प्रा वि	Sivagadi Primary School	27
8717	मङ्गल उ॰ माध्यमिक विद्यालय, किर्तिपुर	Mangal Higher Secondary School, Kirtipur	1
8855	सूर्योदय उ॰ माध्यमिक विधालय, बखा	Suryodaya Higher Secondary School, Bakha	32
8890	विजय नि॰मा॰वि, कालै	Vijay Lower Secondary School, Kalai	64
8900	धौला प्रा वि	Dhaula Primary School	27
8956	चाहनाखेल प्रा वि	Manakhel Primary School	27
8976	जनजागृति नि मा वि, जगडोल	Janajagruti Lower Secondary School, Jagdol	42
9026	गोगल पुर प्रा वि	Gogalpur Primary School	27
9031	बालशिक्षा प्राथमिक विधालय खलंगा	Bal  Education Primary School Khalanga	7
9050	सल्यान सु नि मा वि	Salyan Su Lower Secondary School	27
9123	बालकल्याण निम्न माध्यमिक विधालय भलवाड	Bal  Kalyan  Lower Secondary School Bhalwad	24
9131	जनता प्राथमिक विधालय, पल्कचौर	Janata Primary School, Palakchaur	52
9141	श्री पीलादेवी प्रा वि	Sri Peeladevi Primary School	27
9160	पिपल डांडा प्राथमिक विधालय, अर्जुन चौपारी	Peepal Danda Primary School, Arjun Chowpari	21
9338	बाराकोट प्रा॰वि॰	Barakot Primary School	27
9347	जनता रा॰ प्राथमिक विधालय टेकुनाला	People's Republic Primary School Tekunala	61
9349	जनसेवा प्राथमिक विधालय, इनामी	Public Service Primary School, Inami	51
9375	पञ्चकालिका माध्यमिक विधालय, मुगाहा	Panchakalika Secondary School, Mugaha	65
9383	डिल्ली प्राथमिक विधालय, किन्ताङ	Delhi Primary School, Kintang	5
9394	जनकल्याण प्राथमिक विधालय हर्दिया	Janakalyan Primary School Hardiya	58
9397	गैयालक्ष्मी प्राथमिक विधालय, खलेखा	Gaiyalakshmi Primary School, Khalekha	59
9411	सिंहदेवी निम्न माध्यमिक विधालय, दानावारी	Singhdevi Lower Secondary School, Danavari	53
9437	युवासहभागीता निम्न माध्यमिक विधालय, डाडागाउँ	Youth Participation Lower Secondary School, Dadagaon	73
9439	प्रा वि खिम, खेतगौडे	Primary School Khim, Khetgaude	5
9450	एस॰एल॰पी माध्यमिक विधालय, महुकी	SLP Secondary School, Mahuki	22
9454	सल्लेरी प्राथमिक विधालय, आमडाँडा	Saleri Primary School, Amdanda	49
9460	महाकाली निम्न माध्यमिक विधालय ताम्लीङ	Mahakali Lower Secondary School Tamling	31
9470	कन्यादेवी प्राथमिक विधालय, सावावारी	Kanyadevi Primary School, Sawavari	21
9473	वालकल्याण प्राथमिक विधालय, वेलहारा	Walakalyan Primary School, Velhara	16
9481	हिले उ॰ माध्यमिक विधालय, हिले	Hilay High School, Hilay	76
9488	धरमहंशवाहिनी प्राथमिक विधालय लुम्फा	Dharamahanshwahini Primary School Lumpha	37
9502	रत्न सरस्वती प्राथमिक विधालय, चोक्रोक	Ratna Saraswati Primary School, Chokrok	27
9533	श्री दीपेन्द्र निम्न माध्यमिक विधालय, अग्यौली	Shree Dipendra Lower Secondary School, Agyouli	35
9571	जनजागृति आधारभूत विद्यालय, भदौरेटार	Janajagruti Basic School, Bhadauretar	24
9688	बाल ज्योती प्राथमिक विद्यालय, बगर, पोखरा	Bal Jyoti Primary School, Bagar, Pokhara	16
9776	काकू उ॰ माध्यमिक विधालय, साेलुखुम्बु	Kaku Higher Secondary School, Salekhumbu	10
9899	बिन्दबासिनी मा वि	v. in Bindbasini	35
9964	जगन्नाथ उ॰ माध्यमिक विधालय	Jagannath Higher Secondary School	27
9974	सूयोदय प्राथमिक विधालय, धातिवाङग	Suyodaya Primary School, Dhatiwang	31
10004	जनता प्राथमिक विधालय, सातापुर	Janata Primary School, Satapur	24
10060	सरस्वती निम्न माध्यमिक विधालय, वैरहवा	Saraswati Lower Secondary School, Vairawa	19
10101	ने॰रा॰ निम्न माध्यमिक विधालय, महादेवा	Nehra Lower Secondary School, Mahadeva	22
10118	प्रधुम्न पनेरु उ मा वि	Pradhumna Paneru Lower Secondary School	27
10195	वाकोट प्रा वि	Wakot Primary School	27
10212	ने रा प्रा वि, पिपलचौतारा	Ne Ra Primary School, Pipalchautara	16
10213	ने रा प्रा वि, माल्पाचुनपानी	Ne Ra Primary School, Malpachunpani	52
10250	ने रा प्रा वि	Ne Ra Primary School	27
10257	विन्देश्वरी आधारभूत विद्यालय, बाघखोर	Vindeshwari Basic School, Bagkhor	36
10269	जिवनज्योती उ॰ माध्यमिक विधालय	Jeevanjyoti Higher Secondary School	27
10310	बुद्ध जनता प्राथमिक विधालय	Buddha Janata Primary School	27
10325	नव ज्योती प्रा वि	Nava Jyoti Primary School	27
10445	किरण प्राथमिक विधालय, सार्दीखोला	Kiran Primary School, Sardikhola	58
10509	जगन्नाथ जनता माध्यमिक विधालय, मधेसा	Jagannath Janata Secondary School, Madhesa	15
10529	चन्द्र उच्च माध्यमिक विधालय, उराम५, पवर्त	Chandra Higher Secondary School, Uram 5, Pawart	43
10566	झम्केश्वरी माध्यमिक विधालय, पालुङ	Jhamkeswari Secondary School, Palung	36
10581	शिरटोल प्राथमिक विधालय	Shirtol Primary School	27
10587	जननेत्र उ॰ माध्यमिक विधालय	Jannetra Higher Secondary School	27
10592	श्री महाबौध्द नि मा वि	Sri Mahabuddha Lower Secondary School	27
10603	श्री मा वि, जुहडा	Shree Secondary School, Juhda	63
10617	पोखरीडाँडा प्राथमिक विधालय	Pokhirada Primary School	27
10645	श्री शैजल हिमाल नि मा वि	Shree Shaijal Himal Lower Secondary School	27
10674	भगवान प्राथमिक विधालय, रत्नपुर	Bhagwan Primary School, Ratnapur	14
10680	देउराली निम्न माध्यमिक विधालय	Deurali Lower Secondary School	27
10698	श्री सिद्धार्थ प्र नि मा वि	Mr. Siddharth P. Lower Secondary School	27
10708	चैदाहा कमला संगम प्राथमिक विधालय, रुचानी रानीवास	Chaidaha Kamala Sangam Primary School, Ruchani Raniwas	34
10714	प्रभात उ॰ माध्यमिक विधालय, रानीवास	Prabhat Higher Secondary School, Ranivas	34
10728	आधारभूत विद्यालय	Basic school	27
10734	दुग्रेभञ्ज्याङ प्राथमिक विधालय	Dugrevanjyang Primary School	27
10740	श्री सल्लाघाटी नि मा वि	Sri Sallaghati Lower Secondary School	27
10746	जनजागृती प्राथमिक विधालय कालागाँउ	Janajagruti Primary School Kalagaon	64
10752	महेन्द्र प्राथमिक विधालय, चानवास	Mahendra Primary School, Chanwas	29
10803	काफेश्वर प्राथमिक विधालय, कौवाडाँडा	Cafeshwar Primary School, Kauwadanda	23
10824	माध्यमिक विधालय, काेगटी	Secondary School, Kogati	75
10850	राष्टि्य उ॰ माध्यमिक विधालय, विचारी, चौतारा	National Higher Secondary School, Vichari, Chautara	16
10854	डिसिङकोट प्राथमिक विधालय, मल्याकोट	Disingkot Primary School, Malyakot	30
10856	कल्याणी प्राथमिक विधालय, सिस्नेरी	Kalyani Primary School, Sisneri	19
10861	रातामाटा उ॰ माध्यमिक विधालय	Ratamata Higher Secondary School	27
10873	विश्वज्योती प्राथमिक विधालय, दोभानडाँडा	Vishwajyoti Primary School, Dobhandanda	49
10889	कालिका उ॰ माध्यमिक विधालय	Kalika Higher Secondary School	27
10910	देवी स्थान उ॰ माध्यमिक विधालय, सन्धुली	Devi Sthan Higher Secondary School, Sandhuli	35
10924	जनहित निम्न माध्यमिक विधालय, वोगटी	Janhit Lower Secondary School, Vogti	75
10993	ने॰रा॰प्रा॰वि, प्रुसौनिपुरा	Nehra Primary School, Prusaunipura	72
10998	प्रा॰वि॰मडाहा रानीवास प्राथमिक विधालय	Primary School Madaha Raniwas Primary School	27
11030	जनज्योति उ॰ माध्यमिक विधालय	Janjyoti Higher Secondary School	27
11040	दोहोरिएको निम्न माध्यमिक विधालय	Repeated lower secondary school	27
11075	चण्डिभन्ज्याङ प्राथमिक विधालय	Chandivanjyang Primary School	27
11100	भानु उ॰ माध्यमिक विधालय, खुर्कोट	Bhanu Higher Secondary School, Khurkot	62
11136	ने॰रा॰प्रा॰वि, रविदास	Nehra Primary School, Ravidas	34
11144	देउराली प्राथमिक विधालय, छङछङदी	Deurali Primary School, Changchangdi	71
11186	लायोडाँडा प्राथमिक विधालय	Lyodanda Primary School	27
11197	शहिद स्मृति सामुदायिक माध्यमिक विधालय	Shahid Smriti Community Secondary School	27
11244	श्री हुम्ला नि मा वि	Sri Humla Lower Secondary School	27
11257	श्री घर्मोदय नि मा वि	Sri Gharmodaya Lower Secondary School	27
11272	बालज्योती आधारभूत विद्यालय, गर्खा	Baljyoti Basic School, Garkha	37
11277	सिन्दुरे माध्यमिक विधालय, रातामाटा	Sindure Secondary School, Ratamata	2
11312	बुङबुगे निम्न माध्यमिक विधालय	Bungbuge Lower Secondary School	27
11316	धुममालिका प्रा वि	Dhummalika Primary School	27
11330	गौतम बूद्ध प्रा वि	Gautam Buddha Primary School	27
11357	बुद्धिविकाश प्राथमिक विधालय, सरुपाटा	Buddhivikash Primary School, Sarupata	18
11531	प्रभात निम्न माध्यमिक विधालय, मनकामना	Prabhat Lower Secondary School, Mankamana	40
11554	जनज्योती माध्यमिक विधालय फरुलाचौर भलचौर	Janjyoti Secondary School Farulachaur Valchaur	27
11565	पंचायत प्राथमिक विधालय, तेलिया	Panchayat Primary School, Telia	13
11571	जन कल्याण प्राथमिक विधालय, च्यानवास	Jan Kalyan Primary School, Chanwas	29
11586	सरस्वती॰ प्रा ॰वी, धनकुटा, थाकले	Saraswati Prof. V, Dhankuta, Thake	57
11618	सरस्वती निम्न माध्यमिक विधालय, अर्खौले	Saraswati Lower Secondary School, Arkhaule	37
11627	श्री गण्ोश प्रा॰वि	Shri Ganosh Primary School	27
11631	सिद्धठाकुर निम्न माध्यमिक विधालय, माम्फीङ्ग	Siddha Thakur Lower Secondary School, Mamphing	31
11642	सरस्वती॰ प्रा॰वि, धनकुटा, दार्मेडाडा	Saraswati Primary School, Dhankuta, Darmedada	74
11644	वालिङ प्राथमिक विधालय, गोपालपुर	Walling Primary School, Gopalpur	43
11647	सगरमाथा आधारभुत माध्यमिक विधालय, खोकू	Sagarmatha Basic Secondary School, Khoku	5
11705	कृष्ण्ा मा॰वि, पाखापाती	Krishna Secondary School, Pakhapati	4
11722	राधाकृष्ण्ा नि॰मा॰वि, पाखापाती	Radhakrishna Lower Secondary School, Pakhapati	4
11734	शहिद स्मृति निम्न माध्यमिक विधालय, सिपु	Shahid Smriti Lower Secondary School, Sipu	19
11740	त्रिभुवन मंगला नि॰मा॰वि, पाखापाती	Tribhuvan Mangala Lower Secondary School, Pakhapati	4
11743	साखें निम्न माध्यमिक विधालय, देविटार	Sakhen Lower Secondary School, Devitar	70
11745	कास्थम निम्न माध्यमिक विधालय भुजी	Kastham Lower Secondary School Bhuji	1
11748	सिद्धेश्वर प्राथमिक विधालय, दुरागाँउ	Siddheshwar Primary School, Duragaon	72
11751	कृष्ण निम्न माध्यमिक विधालय, हिमगंगा	Krishna Lower Secondary School, Himganga	7
11753	तोव प्रा॰वि	Towa Primary School	27
11754	मलिका प्राथमिक विधालय, नागदह	Malika Primary School, Nagdah	42
11767	हरिसिद्धि प्राथमिक विधालय, हिमगंगा	Harisidhi Primary School, Himganga	7
11798	माध्यमिक विधालय भङ्गरा	Secondary School Bhangra	24
11802	भुटन देवी प्राथमिक विधालय खानेपानी	Bhutan Devi Primary School Water Supply	11
11811	तिनकीपु निम्न माध्यमिक विधालय, भुजी	Tinkipu Lower Secondary School, Bhuji	1
11821	स्थानपति निम्न माध्यमिक विधालय, पुरानागाँउ	Sthanapati Lower Secondary School, Puranagaon	56
11825	वालविधाश्रम निम्न माध्यमिक विधालय, चिसापानी	Walavidhasram Lower Secondary School, Chisapani	29
11833	सरस्वती प्राथमिक विधालय, तिलपुङ्ग	Saraswati Primary School, Tilpung	36
11835	बाल प्राथमिक विधालय विथान	Bal  Primary School Withan	54
11836	कृष्णपुरी माध्यमिक विधालय खानीपानी	Krishnapuri Secondary School Khanipani	5
11870	जलकन्या देवी प्राथमिक विधालय, मुगा	Jalakanya Devi Primary School, Muga	65
11902	डाडाबजार प्राथमिक विधालय, लाप्चेटार	Dadabazar Primary School, Lapchetar	67
11904	जनकल्याण्ा॰ प्रा ॰वी, धनकुटा, हात्तिखर्क	Janakalyana Prof. V, Dhankuta, Hattikhark	62
11905	त्रिवणी उ॰ माध्यमिक विधालय चुलीवन	Trivani Higher Secondary School Chulivan	35
11920	र्श्री त्रीनगर मा वि	V. in Sri Trinagar	8
11940	रा प्रा॰वि, वनौसा रंजितपुर	Ra Primary School, Vanausa Ranjitpur	25
11959	मार्गेश्वरी प्राथमिक विधालय, भीरगाउँ	Margeshwari Primary School, Bhirgaon	1
12113	पंचकन्या निम्न माध्यमिक विधालय खनियाखर्क	Panchkanya Lower Secondary School Khaniyakharak	50
12120	महाकाली प्राथमिक विधालय, गुन्सी	Mahakali Primary School, Gunsi	51
12121	देवी प्राथमिक विधालय, भिरपानी	Devi Primary School, Bhirpani	49
12127	वालकल्याण प्राथमिक विधालय केरावारी	Valakalyan Primary School Kerawari	21
12131	जनबिकास प्राथमिक विधालय, पिपलमाढी, वनचरे	Jan Bikas Primary School, Pipalmadhi, Vanchare	77
12141	सीतादेवी निम्न माध्यमिक विधालय खरखोले	Sita Devi Lower Secondary School Kharkhole	5
12144	सिंहदेवी प्राथमिक विधालय, रुद्रवारी	Singhdevi Primary School, Rudrawari	21
12181	सुर्केधौराली माध्यमिक विधालय, डढुवा	Surkedhaurali Secondary School, Darduwa	34
12182	नवनिकेतन प्राथमिक विधालय, तांखुवा	Navaniketan Primary School, Tankhuwa	9
12195	संवीवनी प्रा वि	Sanviwani Primary School	27
12203	लक्ष्मी माध्यमिक विधालय हात्तिखर्क	Lakshmi Secondary School Hattikharka	62
12212	सिद्धार्थ प्राथमिक विधालय, गेझा	Siddharth Primary School, Gejha	71
12234	मङ्गलादेवी प्राथमिक विधालय, फोक्सिङ्कोट	Mangaladevi Primary School, Phoksingkot	64
12246	युवावर्ष प्रा वि, मूलगाउँँ	Yuvavarsh Primary School, Mulgaon	65
12258	कन्या नि मा वि, वटुलखेरा	Girls Lower Secondary School, Watulkhera	16
12433	सर्वोदय उ॰ माध्यमिक विधालय, बीघागुम्हा	Sarvodaya Higher Secondary School, Bighagumha	50
12546	गौरी उच्च माध्यमिक विधालय, मोराहाङग तह्रथुम	Gauri Higher Secondary School, Morahang Taharathum	13
12608	ने॰रा॰ निम्न माध्यमिक विधालय, टिकुलीपुर	Nehra Lower Secondary School, Tikulipur	1
12684	प्रा वि	Primary school	27
12689	ने॰रा॰ निम्न माध्यमिक विधालय, ताराताल बद्धिया	NERA Lower Secondary School, Taratal Badgia	16
12708	जनसहयोगी ने॰ रा॰ प्रा॰ वि॰	Janasahayog Ne Ra Primary School	27
12796	जनता माध्यमिक विधालय, खैजनपुर भज्जका सप्तरी	Saptari of Janata Secondary School, Khaijanpur Bhajja	24
12897	प्राथमिक विद्यालय	Primary school	27
12925	त्रैलोक्यश्वर प्राथमिक विधालय, भैसेटार	Trailokyashwar Primary School, Bhaisetar	24
13067	याङलाबुङ प्राथमिक विधालय, जितपुर	Yanglabung Primary School, Jitpur	25
13092	दोहोरिएको माध्यमिक विधालय	Repeat secondary school	27
13115	जलकन्या प्राथमिक विधालय सिजालीगाउँ	Jalkanya Primary School Sijaligaon	19
13276	जनता उ॰मा॰वि॰ गुराँसे माध्यमिक विधालय	Janata Higher Secondary School Gurase Secondary School	27
13296	मणिसिद्ध निम्न माध्यमिक विधालय	Manisiddha Lower Secondary School	27
13297	ने॰रा॰प्रा॰वि।, वुठगाई	Nehra Primary School, Wuthgai	54
13302	जनता उ॰ माध्यमिक विधालय, जितपुर	Janata Higher Secondary School, Jitpur	25
13316	ने॰रा॰प्रा॰वि, गम्हरिया	Nehra Primary School, Gamharia	8
13326	सु॰ रा कन्या माध्यमिक विधालय	Su Ra Kanya Secondary School	27
13328	ने॰रा॰प्रा॰वि, सेमरवारी	Nehra Primary School, Semerwari	21
13351	रितो महतो ज॰मा॰वि॰ माध्यमिक विधालय	Rito Mahato J. Secondary School Secondary School	27
13353	म॰ने॰रा॰प्रा॰वि, सेठवा	M. Nera Primary School, Sethwa	34
13356	निम्न माध्यमिक विधालय मरिण	Lower secondary school death	23
13357	भारती उ॰ माध्यमिक विधालय हाित्तखर्क	Bharti Higher Secondary School Hattakhark	32
13409	ने॰रा॰प्रा॰वि, शिबवर्वा	NERA PRIMARY SCHOOL, SHIBAWARWA	34
13436	कुश्मावती आधारभूत विद्यालय, शुक्लागण्डकी	Kushmavati Basic School, Shuklagandaki	38
13466	ने॰रा॰प्रा॰वि, वलुभडिह	Nehra Primary School, Valuvadih	31
13467	ने॰रा॰प्रा॰वि, माधोपुर	Nehra Primary School, Madhopur	28
13521	जनप्रपि मा॰वि, पाखापाती	Janprapi Secondary School, Pakhapati	4
13524	चण्डी डांडा माध्यमिक विधालय, रापाकोट	Chandi Danda Secondary School, Rapakot	30
13540	हिमालय प्रा वि, डाडाँर्गाउ	Himalaya Primary School, Dadargau	73
13547	वाल कल्याण प्राथमिक विधालय, खुर्कोट	Wal Kalyan Primary School, Khurkot	62
13564	जनज्योति उ॰ माध्यमिक विधालय ॰ राकम कर्णाली	Janjyoti Higher Secondary School Rakam Karnali	76
13653	म॰ने॰रा॰प्रा॰वि, कठकुईया वसन्तपूर	M. N. R. Primary School, Kathakuiya Vasantpur	25
13665	जि॰उ॰रा॰क॰उ॰ माध्यमिक विधालय	District High School	27
13683	मा, िचितवन	In , Ichitavan	29
13726	केदार उच्च माध्यमिक विधालय नेचावेतघारी	Kedar Higher Secondary School Nechawetghari	21
13739	कालीगण्डकी आधारभूत विद्यालय सरंगी बाग्लुङ	Basic School Sarangi Baglung, Kaligand	64
13790	शिशुसेवा प्राथमिक विधालय, सिवानी	Shishuseva Primary School, Siwani	29
13808	कार्किनेटा ढुङ्गेठाँटी, पर्वत प्राथमिक विद्यालय	Karkineta Dhungethanti, Mountain Primary School	27
13902	ने॰रा॰प्रा॰वि, औराहा	Nehra Primary School, Auraha	19
13918	ने॰रा॰प्रा॰वि, संठी	Nehra Primary School, Santhi	18
13922	रा॰ प्राथमिक विधालय पाठशालाल गोपीवस्ती	Gopivasti Primary School	27
13925	ने॰रा॰प्रा॰वि, भिष्म	Nehra Primary School, Bhisham	69
13943	प्राथमिक विधालय जखनी	Primary School Zakhani	50
13946	प्राथमिक विधालय वाराहा खुर्कोट	Primary School Waraha Khurkot	62
13952	सरस्वती ॰प्रा॰वि, धनकुटा, फुलाँटे	Saraswati Primary School, Dhankuta, Phulante	74
13983	बिश्व उ॰ माध्यमिक विधालय, ढाकावाङ	World Higher Secondary School, Dhakawang	31
14005	विरेन्द्र प्राथमिक विधालय डाँगीगाउ कोटमौला	Virendra Primary School Dangigau Kotmoula	74
14031	निम्न माध्यमिक विधालय लामीडाँडा	Lower Secondary School Lamidanda	39
14036	माध्यमिक विधालय डुव्रीङ	Secondary School Duvring	31
14191	गुफापोखरी प्राथमिक विधालय नुनढोकी संखुवासभा	Sankhuwasabha of Gufapokhi Primary School Nundhok	27
14260	वाणीविकास माध्यमिक विद्यालय, लोहाकोट	Vanivikas Secondary School, Lohakot	30
14277	हिमालय प्राथमिक विधालय, सिसुवाखोला	Himalaya Primary School, Sisuwakhola	32
14332	भानु प्राथमिक विधालय, दशमुरे खुङ	Bhanu Primary School, Dashamure Khung	5
14348	नेपाल राष्टिय प्राथमिक विद्यालय नौबहिनी गा॰पा॰, बास्कोट	Nepal National Primary School Naubhaini Village, Baskot	64
14390	जा॰ग॰ज॰उ॰ माध्यमिक विधालय सेहरा	J. C. J. Higher Secondary School Sehra	13
14393	भुस हर्निया रा प्रा वि, सम्सेरपुर	Bhus Hernia Ra Primary School, Samserpur	1
14405	लाली गुराँस प्राथमिक विधालय	Lali Gurans Primary School	27
14406	ने रा प्रा वि, खेल्नेचौर	Ne Ra Primary School, Lanachaur	77
14457	रा प्रा॰वि, दुमहा भूतही	Ra Primary School, Dumaha Bhoothi	1
14548	जनता माध्यमिक विद्यालय मधुवन	Janata Secondary School Madhuvan	40
14594	ललित कला केन्द्र नि मा वि	Fine Arts Center Lower Secondary School	27
14611	लक्ष्मी निम्न माध्यमिक विधालय	Lakshmi Lower Secondary School	27
14683	ने रा प्रा वि, सिमलगौरा	Ne Ra Primary School, Simalgaura	72
14693	साङ्गरुम्बा उ॰ माध्यमिक विधालय	Sangarumba Higher Secondary School	27
14711	चनाैटे आधारभूत विद्यालय, दाेलखा	Chanaite Basic School, Dalekha	59
14714	भगवती प्राथमिक विधालय, फलामेटार	Bhagwati Primary School, Falametar	3
14738	गुप्ती गंगा प्राथमिक विधालय आहाले	Gupti Ganga Primary School	27
14746	जालपादेवी निम्न माध्यमिक विधालय, मूलगाउँ	Jalpadevi Lower Secondary School, Mulgaon	65
14747	जनता॰ प्रा ॰वी, धनकुटा, तांखुवा	Janata Prof. V, Dhankuta, Tankhuwa	9
14750	जनशिक्षा सदन प्राथमिक विधालय, राजारानी	Public Education Sadan Primary Vidyalaya, Rajarani	62
14832	ने॰रा॰ निम्न माध्यमिक विधालय निवुवा, अड्कवार	Nehra Lower Secondary School Vacancy, Adakwar	28
14884	जनसेवा प्राथमिक विधालय, मांतेवा छम्बेवा	Public Service Primary School, Mantewa Chambewa	34
14905	ज्ञानोदय प्राथमिक विधालय, साखर	Gyanodaya Primary School, Sakhar	8
15015	घमियाईन माध्यमिक विधालय	Ghamiain Secondary School	27
15095	लाकुरीडाँडा प्रा॰वि॰, लाकुरीडाँडा	Lakuridanda Primary School, Lakuridanda	39
15207	द्धारिका नाथ प्रा॰वि॰	By Nath Primary School	27
15371	वालविकाश प्राथमिक विधालय, परेवादिन	Walvikash Primary School, Parevadin	31
15396	रामजानकी नगर प्रा॰वि॰, जनकीनगर	Ramjanaki Nagar Primary School, Janakinagar	40
15420	भवानी नि॰ मा॰ वि॰, कुडापानी	Bhawani Lower Secondary School, Kudapani	4
15437	रा प्रा वि, रामपुर मल्हनियाँ	Ra Primary School, Rampur Malhaniyan	66
15476	श्री श॰दु मा॰वि, कल्याण्ापुर	Sri Shadu Secondary School, Kalyanapur	66
15512	आर्दश माध्यमिक विधालय, खाचीकोट	Ardash Secondary School, Khachikot	64
15560	भुवनेश्वरी निम्न माध्यमिक विधालय वड	Bhubaneswari Lower Secondary School Ward	58
15580	मान्पा मा॰ वि॰, मान्पा	Manpa Secondary School, Manpa	40
15600	के॰अ॰ माध्यमिक विधालय राजविराज	K. A. Secondary School Rajviraj	19
15627	शम्भूनाथ प्राथमिक विधालय छचोड	Shambhunath Primary School Chchod	29
15630	जनज्ञानज्योति माध्यमिक विधालय, कौशिलानगर	Jangyanjyoti Secondary School, Kaushilanagar	76
15640	महादेव प्राथमिक विधालय खिन्नेभाडी	Mahadev Primary School Khinnebhadi	31
15641	जनज्योति निम्न माध्यमिक विधालय हमतडा	Janjyoti Lower Secondary School Hamtada	70
15642	भूवनेश्वरी माध्यमिक विधालय हर्तोला	Bhubaneswari Secondary School Hartola	32
15654	शिवालय माध्यमिक विद्यालय गल्याङ, स्याजा	Shivalaya Secondary School Galang, Syaja	45
15737	आदर्श प्राथमिक विधालय रापाकोट	Ideal Primary School Rapakot	30
15793	प्राथमिक विधालय मसुरपटी	Primary School Masurapati	75
15798	पश्चिम पहुनी माध्यमिक विधालय आनन्दवन	Paschim Pahuni Secondary School Anandavan	40
15815	निम्न माध्यमिक विधालय भोईल टिमकिया महोत्तरी	Timakia Mahottari will be the lower secondary school	27
15912	जनप्रिय निम्न माध्यमिक विधालय	Popular Lower Secondary School	27
15978	नेपाल तारा प्राथमिक विद्यालय, धुल्लुवास्कोट, बागुलङ	Nepal Tara Primary School, Dhulluwaskot, Bagulong	36
15985	प्रा वि, खल्ला	Primary School, Khalla	5
15986	आदर्श रा॰ प्राथमिक विधालय मधुपट्टी	Adarsh Raj Primary School Madhupatti	27
16011	नार्गाजुन मा वि	V. in Nargajuna	72
16013	पानवारी प्राथमिक विधालय चन्द्र अयोध्यापुर-५	Panwari Primary School Chandra Ayodhyapur-5	14
16067	रा प्रा वि, खैजनपुर भजका	RA PRIMARY SCHOOL, KHAIJANPUR BHAJKA	24
16107	ज॰नि॰मा॰वि॰ केन्द्र १, राजविराज	J. The following Secondary School Center 1, Rajviraj	19
16150	रा प्रा वि हखारा प्राथमिक विधालय रा प्रा वि हरवरा	RA PRIMARY SCHOOL HAKARA PRIMARY SCHOOL RA PRIMARY SCHOOL HARWARA	16
16171	रा॰ प्राथमिक विधालय नौसयविघा	Royal Primary School Nausayvigha	43
16181	रा॰ प्राथमिक विधालय मरना	Raj Primary School Marna	40
16186	श्याम प्रा वि	Shyam Primary School	27
16199	ने रा प्रा वि, रिगा	Ne Ra Primary School, Riga	7
16293	चोयाकोट प्रस्तावित माध्यमिक विधालय	Choyakot Proposed Secondary School	27
16356	महादेव प्रा वि	Mahadev Primary School	27
16386	जनविकाश नि मा वि	Population Lower Secondary School	27
16392	सारदा सदन प्रा वि	Sarada Sadan Primary School	27
16407	श्री ब॰ झ॰ ज॰उ॰ माध्यमिक विधालय, माडर	Mr. B. J. J. Higher Secondary School, Madr	40
16421	तुलसी माध्यमिक विधालय नौफेरी बालुवाटार	Tulsi Secondary School Nauferi Baluwatar	8
16439	हनुमान प्राथमिक विधालय, कैरातीपूर्वा	Hanuman Primary School, Kairatipura	72
16448	अरनिको प्र॰मा॰वि, महेश्ापुर	Araniko Primary School, Maheshapur	14
16451	दुर्गा माध्यमिक विधालय मनरा	Durga Secondary School Manara	40
16454	नी मा बि, मानपुर निम्न माध्यमिक विधालय	Nee Secondary School, Manpur Lower Secondary School	27
16471	राष्टि्र्रय प्रा॰वि, कैलाली, अरुण्ाफाँट	National Primary School, Kailali, Arunaphant	50
16492	श्री भवानी नि मा वि	Sri Bhavani Lower Secondary School	27
16494	राष्टि्य माध्यमिक विधालय	National Secondary School	27
16495	प्रा वि केन्द्र नं ३, पृथ्वीनगर	Primary School Center No. 3, Prithvinagar	8
16498	भृकुटी उच्च माध्यमिक विधालय घैलाडुव्बा	Bhrikuti Higher Secondary School Ghailadubba	76
16505	राष्टि्र्रय प्रा॰वि, कैलाली, मुढा	National Primary School, Kailali, Mudha	65
16510	राष्टि्र्रय नि॰मा॰वि, कैलाली, बलीया	National Lower Secondary School, Kailali, Ballia	16
16541	कालिका प्रा॰वि, कैलाली, सितापुर	Kalika Primary School, Kailali, Sitapur	24
16594	रा॰ प्राथमिक विधालय गोठ कोमलपुर	Goth Komalpur Primary School	27
16608	हाकुवेसी निम्न माध्यमिक विद्यालय	Hakuwesi Lower Secondary School	27
16675	फक्ताङ्लुङ प्राथमिक विधालय, मौवा पाँथर	Paktanglung Primary School, Mauwa Panther	8
16718	मु ॰ रा॰ प्रा॰ वि॰, भटौलिया प्राथमिक विधालय	Mu Ra Primary School, Bhataulia Primary School	27
16734	कालीका प्रा॰वि, कैलाली, सानाफाँट	Kalika Primary School, Kailali, Sanaphant	9
16749	जनहित नन्दलाल माध्यमिक विद्यालय चौलिखा	Janhit Nandalal Secondary School Chaulikha	37
16750	ज॰नि॰मा॰वि॰हरिहरपुर निम्न माध्यमिक विधालय	J. Lower Secondary School Hariharpur Lower Secondary School	27
16766	नि॰मा॰वि॰ विन्धी प्राथमिक विधालय	Lower Secondary School Vindhi Primary School	27
16772	धाम सरस्वती आधारभूत विद्यालय, पाचँथर	Dham Saraswati Basic School, Pachanthar	8
16781	सोखुवेशी उ॰ माध्यमिक विधालय	Sokhuweshi Higher Secondary School	27
16784	उ॰ माध्यमिक विधालय, सालघारी, रातामाटा	Higher Secondary School, Salghari, Ratamata	2
16818	मालिका निम्न माध्यमिक विद्यालय, आचार्यवाडा, जूम्ला	Malika Lower Secondary School, Acharyawada, Joomla	61
16883	गडवडा भाइ प्रा॰वि॰ विरयापुर प्राथमिक विधालय	Gadwada Bhai Primary School Viryapur Primary School	27
16905	सूर्मादेवी निम्न माध्यमिक विधालय	Surmadevi Lower Secondary School	27
16949	चिलाउने डाँडा प्राथमिक विधालय, च्यानवास	Chilawane Danda Primary School, Chanwas	29
16979	शुभोदय प्राथमिक विधालय तार्कुघाट	Shubhodaya Primary School Tarkughat	17
17106	ताङलीचोक माध्यमिक विधालय, ताङलीचोक	Tanglichok Secondary School, Tanglichok	27
17178	प्राथमिक विद्यालय, विर्ति प्रष्टोका	Primary School, Virti Prastoka	47
17239	कुटीडाँडा प्राथमिक विद्यालय गौरीशंकर, देलखा	Kutidanda Primary School Gauri Shankar, Delkha	37
17280	र्श्री हिमालय नि मा वि	Sri Himalaya Lower Secondary School	27
17288	"गगुडा निम्न माध्यमिक विधालय, 	 गगुडा ६९०६७०००२"	GAGUDA LOWER SECONDARY SCHOOL,	27
17340	श्री शन्ति प्रा वि	Sri Shanti Primary School	27
17349	कालिदेवि प्राथमिक विधालय विथान	Kali Devi Primary School	27
17363	कालिदेवि प्राथमिक विधालय, दोरम्ब	Kalidevi Primary School, Doramba	6
17364	सेती देवी प्राथमिक विधालय विथान	Seti Devi Primary School Withan	54
17372	बालज्योति निम्न माध्यमिक विधालय, तिलपुङ्ग	Baljyoti Lower Secondary School, Tilpung	36
17375	रुद्रेश्वर नि मा वि	Rudreshwar Lower Secondary School	27
17440	बालकल्याण प्राथमिक विधालय	Balkalyan Primary School	27
17496	चमनपुर रौतहट प्राथमिक विधालय	Chamanpur Rautahat Primary School	27
17526	महिला उत्थान प्राथमिक विद्यालय, राैतहट	Mahila Utthan Primary School, Raitahat	17
17605	नबज्योती कालीको प्राथमिक विधालय	Nabjyoti Kali's Primary School	27
17608	प्रा वि, कामखेत	Primary School, Kamkhet	67
17617	रामकविर भगवान प्राथमिक विधालय मुर्कि	Ramkavir Bhagwan Primary School Murki	38
17687	शिशु शिक्षा प्रा वि	Infant Education Primary School	27
17764	ने रा प्रा वि, सल्यानगौरा	NE RA PRIMARY SCHOOL, SALYANGAURA	66
17782	कौखे प्राथमिक विधालय, कौखे	Koukhe Primary School, Koukhe	67
17838	अमरज्योती प्राथमिक विधालय, माहाङ	Amarjyoti Primary School, Mahang	40
17843	खाम्जुङ निम्न माध्यमिक विधालय	Khamjung Lower Secondary School	27
17889	अरुणोदय निम्न माध्यमिक विधालय, पटौटी	Arunodaya Lower Secondary School, Patauti	75
17891	भगवति नि॰मा॰वि, पाखापाती	Bhagwati Lower Secondary School, Pakhapati	4
17899	रा॰ निम्न माध्यमिक विधालय, जनकपुर	R. Lower Secondary School, Janakpur	1
17920	मायादेवी प्राथमिक विधालय, मादी मूल खर्क	Mayadevi Primary School, Madi Mool Khark	5
17937	जमूनार्खक नि॰मा॰वि, पाखापाती	Jamunarkhak Lower Secondary School, Pakhapati	4
17978	प्राथमिक विधालय कुन्डाँडा अस्परी	Primary School Kundanda Aspari	21
17979	जनजागृती मा॰वि, पाखापाती	Janajagruti Secondary School, Pakhapati	4
17987	महादेव उग्र मा॰वि, पाखापाती	Mahadev Ugra Secondary School, Pakhapati	4
18035	अमरज्योति नि॰मा॰वि, राखू, पाखापाती	Amarjyoti Lower Secondary School, Rakhu, Pakhapati	4
18052	श्री सिमल चौर प्रा वि	Sri Simal Chaur Primary School	27
18056	बुद्धिविकास नि॰मा॰वि, पाखापाती	Buddhivikas Lower Secondary School, Pakhapati	4
18074	सत्यनारायण माध्यमिक विद्यालय विराटनगर	Satyanarayana Secondary School Biratnagar	19
18103	मदन माध्यमिक विधालय मोहनपुर	Madan Secondary School Mohanpur	77
18105	श्री भविष्य नि मा वि	Shri Bhavishi Lower Secondary School	27
18119	सिद्व वराह प्राथमिक विधालय, अर्जुन चौपारी	Siddwa Varah Primary School, Arjun Chowpari	21
18157	सरस्वती प्राथमिक विधालय, रत्नपुर	Saraswati Primary School, Ratnapur	14
18224	पक्रवादीवोट प्राथमिक विधालय, विचारी, चौतारा	Pakravadiwot Primary School, Vichari, Chautara	16
18225	नवदुर्गा प्राथमिक विधालय, चानवास, स्याङवन	Navdurga Primary School, Chanwas, Sangwan	29
18267	सम्पाल नि मा वि	Sampal Lower Secondary School	27
18287	हुनैनाथ आधारभूत विद्यालय सलेती मालिकार्जुन गा॰पा॰, दार्चृला	Hunainath Basic School Saleti Malikarjun Village, Darcharla	74
18289	श्री नि मा वि	Mr. Lower Secondary School	27
18301	शान्तिक्षेत्र प्रा वि॰	Shantikshetra Primary School	27
18306	जनता प्राथमिक विधालय, मात्तिम ४ सल्लेरी	Janata Primary School, Mattim 4 Saleri	66
18315	श्री भुकुती नि मा वि	Sri Bhukuti Lower Secondary School	27
18323	राष्टि्र्रय प्रा॰वि, कैलाली, अमैरा	National Primary School, Kailali, Amaira	19
18338	अमर ज्योति माध्यमिक विद्यालय, शुक्लागण्डकी तनुहुँ	Tanuhun of Amar Jyoti Secondary School, Shuklagand	49
18369	गंगामाला निम्न माध्यमिक विधालय	Gangamala Lower Secondary School	27
18372	ने रा प्रा वि, रानागाँउ	Ne Ra Primary School, Ranagaon	40
18382	सिद्धश्वरी प्रा वि	Siddhaswari Primary School	27
18389	जनज्योती उ॰ माध्यमिक विधालय, मैनतडा-४, सर्खेत	Janjyoti Higher Secondary School, Maintada-4, Sarkhet	67
18411	भैरवी ने रा प्रा वि	Bhairavi Ne Ra Primary School	27
18431	ने रा प्रा वि, पानीखोला	Ne Ra Primary School, Panikhola	8
18436	जनक प्रा वि, गमखोला	Janak Primary School, Gamkhola	32
18439	जनप्रिय प्रा वि	Popular Primary School	27
18441	ने रा प्रा वि, सिमाबजेडा	Ne Ra Primary School, Simabjeda	19
18473	मालिका प्रा वि	Malika Primary School	27
18497	ज्यामीरेचौर सल्यान निम्न माध्यमिक विधालय	Jamirechaur Salyan Lower Secondary School	27
18597	ईलाम देवी प्रा वि	Eelam Devi Primary School	27
18684	जुहार प्राथमिक विधालय डिर्भना	Juhar Primary School Dirbhana	40
18746	जनसेवा प्रा बि, घांसमारा	Public Service Primary School, Ghansmara	16
18858	निम्न माध्यमिक विधालय पिठुवा	Lower secondary school parents	15
18860	रा॰ प्राथमिक विधालय सानोयज्ञपुरी	R. Primary School Sanoyajnapuri	21
18896	कालीदेवी प्रा॰ वि॰, चन्दनपुर	Kalidevi Primary School, Chandanpur	77
18987	शान्ती उ॰ माध्यमिक विधालय	Shanti Higher Secondary School	27
19042	जनता प्राथमिक विधालय, मुक्तारा	Janata Primary School, Muktara	16
19049	भूमिश्वर निम्न माध्यमिक विधालय ढुंगे	Bhumishwar Lower Secondary School Dhunge	7
19068	आधारभूत प्राथमिक विधालय, अलैंचीवारी	Basic Primary School, Alanchiwari	50
19073	मेक्लाजुङ प्राथमिक विधालय, स्याङदान	Meklajung Primary School, Xiangdan	66
19105	सिंह बसन्तदेवी आधारभूत विद्यालय इलामा	Singh Basant Devi Basic School Elama	3
19142	साम्बु प्रा॰वि॰, साम्बु	Sambu Primary School, Sambu	10
19199	निम्न माध्यमिक विधालय कटैया फत्तेपुर	Lower Secondary School Kataiya Fatehpur	1
19358	साधाना महिला माध्यमिक विद्यालय बुटवल	Sadhana Girls Secondary School Butwal	29
19363	टिमुर खर्क मा वि	v. in Timur Khark	5
19410	रामकोट प्राथमिक विधालय रुपाकोट	Ramkot Primary School Rupakot	30
19516	ने॰रा॰ प्राथमिक विधालय, गोलागंज अमरपुर	Nehra Primary School, Golaganj Amarpur	1
19582	माध्यामिक शिक्षा विकास स्काई प्राथमिक विधालय	Secondary Education Bikash Sky Primary School	27
19683	लक्ष्मी माध्यमिक विधालय, बाङ्गेमरोट	Lakshmi Secondary School, Bangemrot	57
19731	राष्टि्रय नि॰मा॰वि॰, महादेवटार	Rashtriya Lower Secondary School, Mahadevtar	22
19768	सरस्वती नि॰मा॰वि॰, चलाल	Saraswati Lower Secondary School, Chalal	76
19793	ज्ञानज्योति प्राथमिक विधालय, डढुवा	Gyanjyoti Primary School, Darduwa	34
19798	भगवती प्राथमिक विधालय, भिरपानी	Bhagwati Primary School, Bhirpani	49
19802	पृथ्वी निम्न माध्यमिक विधालय, लखना बेलवा -४ बद्धिया	Prithvi Lower Secondary School, Lakhana Belwa-4 Badgia	16
19826	छेडापोखरा प्रा॰वि॰ गोठिवाङ प्राथमिक विधालय	Chedapokhara Primary School Gothiwang Primary School	27
19903	ने॰रा॰ प्राथमिक विधालय चन्नहवा	NERA PRIMARY SCHOOL CHNNHAWA	34
19920	जनज्योती प्राथमिक विधालय, रातामाटाबजार	Janjyoti Primary School, Ratamatabazaar	8
20077	वालविज्ञान नि॰मा॰वि॰लपुउपमनपालिका निम्न माध्यमिक विधालय	Wal Vijjana Lower Secondary School Lapuupamapalika Lower Secondary School	27
20084	जनकल्याण प्राथमिक विधालय, चिदिका	Janakalyan Primary School, Chidika	29
20090	बुद्व निम्न माध्यमिक विधालय, सिमलपानी	Budva Lower Secondary School, Simalpani	52
20091	मुसिवान प्राथमिक विधालय, सिमलपानी	Musiwan Primary School, Simalpani	52
20109	प्राथमिक विधालय गोरीनेटा	Primary School Gorineta	37
20120	रा ॰ प्राथमिक विधालय योगीयार	Ra Primary School Yogiyar	58
20135	मस्टेश्वरी उ॰ माध्यमिक विधालय	Masteshwari Higher Secondary School	27
20150	भानुभक्त माध्यमिक विधालय	Bhanubhakta Secondary School	27
20173	भिमसेन निम्न माध्यमिक विधालय, तिल्पुङडाँडा	Vimsen Lower Secondary School, Tilpungdanda	43
20176	निम्न माध्यमिक विधालय मंगलपुर	Lower Secondary School Mangalpur	43
20216	लापे माध्यमिक विधालय जलुके	Lape Secondary School Jaluke	57
20270	मनकामना प्राथमिक विधालय, भिरपानी	Manakamana Primary School, Bhirpani	49
20280	निम्न माध्यमिक विद्यालय बेला देउखुरीदाङ	Lower Secondary School Bela Deukhuridang	10
20287	सुनीपिपल चौर माध्यमिक विद्यालय, बझाङ	SUNIPAL CHAUR SECONDARY SCHOOL, BAJANG	71
20295	नि॰मा॰वि उचानिम्वू	Lower Secondary School Uchanimwu	77
20298	जनता माध्यमिक विधालय, सिमलपानी	Janata Secondary School, Simalpani	52
20333	जीवनज्योती प्राथमिक विधालय, किमडाँडा	Jeevanjyoti Primary School, Kimdanda	49
20359	नाम्खा ख्योङ्गजोङ्ग प्राथमिक विधालय	Namkha Khyeongjong Primary School	27
20449	प्राथमिक विधालय लापाल	Primary School Lapal	4
20466	पोटी माध्यमिक विधालय	Poti Secondary School	27
20477	नयाँगाउं निम्न माध्यमिक विधालय	Nayagaon Lower Secondary School	27
20478	रा॰ प्रा॰ वि॰, हथमुण्डा	Raj Primary School, Hathmunda	23
20494	ज्योती प्राथमिक विधालय, छत्रगंज	Jyoti Primary School, Chhatraganj	29
20516	रा्॰प्रा॰वि॰रुदौली प्राथमिक विधालय	R. Primary School Rudauli Primary School	27
20522	जनजागृति माध्यमिक विद्यालय, माठमाडौं	Janajagruti Secondary School, Mathmadon	23
20539	प्रा बि, रौतहट प्राथमिक विधालय	Primary School, Rautahat Primary School	27
20550	दशरथ नि मा वि	Dasharath Lower Secondary School	27
20608	सरस्वती निम्न माध्यमिक विधालय, अरनाहा	Saraswati Lower Secondary School, Aranaha	46
20611	सोल्पा उ॰ माध्यमिक विधालय	Solpa Higher Secondary School	27
20622	राष्टि्रय जनजागृति नि॰मा॰वि, पाखापाती	Rashtriya Janajagruti Lower Secondary School, Pakhapati	4
20654	ने॰रा॰ प्राथमिक विधालय मुर्किविर्ता	Nera Primary School Murkivirta	65
20671	शहिद शम्भु रा॰ प्राथमिक विद्यालय, सबैला, धुनषा	Shahid Shambhu Ra Primary School, Sabala, Dhunsha	20
20738	जीवनज्योति प्राथमिक विधालय	Jeevanjyoti Primary School	27
20771	कणार्ली माध्यमिक विधालय, अनामनगर	Kanarli Secondary School, Anamnagar	8
20775	निम्न माध्यमिक विधालय, हाथीलेट	Lower Secondary School, Hathilet	59
20817	आँपटार, चिउरीभज्याङ प्राथमिक विधालय	Aaptar, Chiuribhjang Primary School	27
20832	श्री भानु प्राथमिक विधालय, सडवा	Sri Bhanu Primary School, Sadwa	34
20843	बालशिक्षा निम्न माध्यमिक विधालय, असुकोट	Bal  Education Lower Secondary School, Asukot	64
20851	ने॰रा॰ प्राथमिक विधालय, कञ्चनपुर, कुकुरभुका	Nehra Primary School, Kanchanpur, Kukurbhuka	56
20885	मागा देउराली दोलखा निम्न माध्यमिक विधालय	Maga Deurali Dolakha Lower Secondary School	27
20898	रजवास प्राथमिक विधालय	Rajwas Primary School	27
20915	निम्न माध्यमिक विधालय कत्ले	Lower secondary schools	27
20967	समुदाय प्राथमिक विधालय, कागुने	Community Primary School, Kagune	38
20968	नेपाल राष्टिय निम्न माध्यमिक विद्यालय वरडाँडा महोतरी	Nepal National Lower Secondary School Wardanda Mahatari	22
20986	सन्सारी प्राथमिक विधालय, आिखसल्ला	Sansari Primary School, Aikhsalla	61
20996	सिंहदेवी प्राथमिक विधालय, मौनाबुधुक	Singhdevi Primary School, Maunabudhuk	40
21005	दुधिले भञ्याङ प्राथमिक विधालय, डाँडाखर्क	Dudhile Bhanyang Primary School, Dandakharak	53
21063	घुरु प्रा॰वि	Ghuru Primary School	27
21072	सरस्वती प्राथमिक विद्यालय भुवरे डाँडाखर्क, पाख्रीवास न॰पा॰, धनुकटा	Saraswati Primary School Bhuvre Dandakhark, Pakhriwas District, Dhanukta	2
21182	ने रा प्रा वि, दुरपाला	Ne Ra Primary School, Durpala	26
21199	नेपाल रा॰ आधारभूत विद्यालय, सर्खेत	Nepal State Basic School, Sarkhet	67
21229	रामदेनी तिवारी निम्न माध्यमिक विधालय	Ramdeni Tiwari Lower Secondary School	27
21339	ढु्ङ्गेश्वरी माध्यमिक विधालय देालखा	Dhungeshwari Secondary School Department	48
21349	बे॰भो॰ माध्यमिक विधालय गोडैता	Bevho Secondary School Godaita	70
21379	श्री जनता नि मा वि	Shri Janata Lower Secondary School	27
21381	कृष्ण ने॰रा॰प्रा॰ प्राथमिक विधालय	Krishna Nehra Pvt Primary School	27
21385	शंकर प्रा॰वि, गोर्खा, आरुपोखरी	Shankar Primary School, Gorkha, Arupokhari	21
21388	ने॰रा॰प्रा॰वि, मलहरिया	Nehra Primary School, Malharia	22
21486	शिव प्राथमिक विद्यालय, मोरङ विराटनगर	Shiv Primary School, Morang Biratnagar	19
21501	मिरकोट प्रा॰वि॰ मिरकोट प्राथमिक विधालय	Mirkot Primary School Mirkot Primary School	27
21513	भुमेस्थान आधारभूत विद्यालय, भलायाटार चिशंखुगढी गा॰पा॰, ओलखढुंगा	Bhumesthan Basic School, Valayatar Chishankhugarhi District, Olakhdhunga	7
21641	सङखुवा आधारभूत विद्यालय सङखुवासभा	Sangkhuwa Basic School Sangkhuwa Sabha	9
21655	मनशान्त प्राथमिक विधालय, नुनढाकी	Manshant Primary School, Noondhaki	38
21691	जनसेवा प्राथमिक विधालय, अर्घातोष	Public Service Primary School, Arghatosh	50
21729	रा॰ प्र॰ बि॰, किसान नगर	R. P. B., Kisan Nagar	8
21754	प्राथमिक विधालय सुन्दरपु चुहडवा	Primary School Sundarpu Chuhadwa	34
21789	स॰मो दे॰ रा॰ रा॰ उच्च॰ माध्यमिक विधालय	S. Mo. De Ra. Ra. Higher Secondary School	27
21792	नेपाल राष्टि्रय प्राथमिक विधालय झिटकैया	Nepal National Primary School Jhitkaiya	58
21833	प्राथमिक विद्यालय माधवनारायण न॰पा॰, माधोपुर, रोतहट	Madhavnarayan Primary School, Madhopur, Rohat	17
21837	प्रा बि खतरिया प्राथमिक विधालय	Primary School Khataria Primary School	27
21847	आइतवारे प्राथमिक विधालय	Sunday Primary School	27
21863	जनल्याण प्राथमिक विधालय, छानेढुङ्गा	Janlyan Primary School, Chanedhunga	7
21910	मा वि विखरी माट् माध्यमिक विधालय	Secondary School Vikhari Maat Secondary School	27
21912	उ॰मा॰ माध्यमिक विधालय दिपकनगर ठोरी	Higher Secondary School Deepaknagar Thori	21
21916	ने॰रा॰प्रा॰वि, उत्तरवारी	Nehra Primary School, Uttarwari	22
21949	चनैराज निम्न माध्यमिक विधालय घमाली	Chanairaj Lower Secondary School Ghamali	76
21997	तेह्रथुम प्राथमिक विधालय, म्याङलुङ्ग	Thirteenth Primary School, Mangalung	40
22020	गोडेश्वर माध्यमिक विधालय बेलापूर	Godeshwar Secondary School Belapur	14
22056	रा॰प्रा॰वि॰देवकोटा टोल प्राथमिक विधालय	National Primary School Devkota Toll Primary School	27
22067	महेन्द्र स्मारक निम्न माध्यमिक विधालय गैडाकोट	Mahendra Smarak Lower Secondary School Gaidakot	30
22068	सिपा तिनघरे संस्कृत उच्च माध्यमिक विधालय वाडेगाँउ	Sipa Tinghare Sanskrit Higher Secondary School Wadegaon	73
22081	प्रा वि कैलाशपुर भोर्लेनी बिष्णु प्राथमिक विधालय	Primary School Kailashpur Vorleni Bishnu Primary School	27
22082	रा प्रा वि गौरदहा प्राथमिक विधालय	Ra Primary School Gaurdaha Primary School	27
22090	जनविकाश प्राथमिक विधालय लाम्टाङ	Public Bikash Primary School Lamtang	39
22109	रा॰ प्राथमिक विधालय तेलियाहा	R. Primary School Teliyaha	19
22113	रा॰प्रा॰वि॰ वलवाटोल प्राथमिक विधालय	National Primary School Valwatol Primary School	27
22126	ने॰रा॰ प्राथमिक विधालय जोतपुर	NERA PRIMARY SCHOOL Jotpur	25
22134	ने॰ निम्न माध्यमिक विधालय छाता पिपरा	Lower Secondary School Chhata Pipra	16
22137	जल देवी नि॰मा॰वि॰ निम्न माध्यमिक विधालय	Jal Devi Lower Secondary School Lower Secondary School	27
22143	ने मा वि विश्र्मपुर माध्यमिक विधालय	Ne Secondary School Bishrampur Secondary School	27
22144	प्रा वी बलुवा कटरिया, रौतहट प्राथमिक विधालय	Prof. V. Baluwa Kataria, Rautahat Primary School	27
22154	दार्मेीचौर प्रा॰वि आंपपिपल, गोर्खा प्राथमिक विधालय	Darmeichaur Primary School Ampapipal, Gorkha Primary School	27
22208	लिरुङ प्राथमिक विधालय	Lirung Primary School	27
22215	उजिर सिह निम्न माध्यमिक विधालय	Ujir Singh Lower Secondary School	27
22216	प्रा वि राज् घाट सिता पुर प्राथमिक विधालय	Primary School Raj Ghat Sitapur Primary School	27
22219	रातामाटा माध्यमिक विधालय	Ratamata Secondary School	27
22224	ने॰रा॰प्रा॰वि गोदहना प्राथमिक विधालय	NERA PRIMARY SCHOOL GODHANA PRIMARY SCHOOL	27
22243	माध्यमिक विधालय चक्र जनता शहीद उ॰मा॰वि॰	Secondary School Chakra Janata Shaheed Higher Secondary School	27
22251	रा॰प्रा॰वि॰योगीयाडा प्राथमिक विधालय	National Primary School Yogiyada Primary School	27
22255	प्राथमिक विधालय कन्काई	Primary School Kankai	77
22256	आदर्श निम्न माध्यमिक विधालय	Ideal lower secondary school	27
22277	गोगने मजुवा निम्न माध्यमिक विधालय	Gogane Majuwa Lower Secondary School	27
22282	वि॰पि॰ प्राथमिक विधालय	V. P. Primary School	27
22289	प्रा॰वि॰विसनपुर प्राथमिक विधालय	Primary School Wisanpur Primary School	27
22292	पंञ्चकन्या प्राथमिक विधालय खाम्लीङ्ग	Panchkanya Primary School Khamling	5
22301	श्री रत्नेश्वर उ॰ माध्यमिक विधालय, दर्बुङगटार	Sri Ratneshwar Higher Secondary School, Darbungatar	74
22306	बुद्ध प्राथमिक विधालय मथुरापुर	Buddha Primary School Mathurapur	14
22308	गोल्मेश्वर माध्यमिक विधालय, मालु	Golmeshwar Secondary School, Malu	40
22309	श्री प्राथमिक विधालय मकोलिया श्रीपुर	Sri Primary School Makolia Sripur	1
22316	भुरुङ्ग प्राथमिक विधालय	Bhurung Primary School	27
22325	गोरखनाथ प्राथमिक विधालय लेखनाथ	Gorakhnath Primary School Lekhnath	59
22326	बालकल्याण प्राथमिक विधालय, मसेल	Balkalyan Primary School, Mussel	41
22338	पीपल डाँडा देवीस्थान उ॰ माध्यमिक विधालय, मंगलटार	Peepal Danda Devisthan Higher Secondary School, Mangaltar	40
22344	ने॰रा॰ प्राथमिक विधालय, शिशवा, महेसपुर	Nehra Primary School, Shishwa, Mahespur	28
22348	सुर्यतारा प्राथमिक विधालय, रोडीकोट	Suryatara Primary School, Rodikot	64
22413	थलचौर नि मा वि, मौलाली	Thalchaur Lower Secondary School, Moulali	76
22421	ने॰रा॰ निम्न माध्यमिक विधालय बडहर्वा	Nehra Lower Secondary School Badharwa	34
22436	हरिहर राज उपाध्याय प्राथमिक विधालय, खेश्राहा	Harihar Raj Upadhyay Primary School, Khesraha	19
22451	जनता उ॰ माध्यमिक विधालय भगवानिपुर	Janata Higher Secondary School Bhagwanipur	24
22476	अम्वीका निम्न माध्यमिक विधालय, हावा	Amvika Lower Secondary School, Hawa	34
22735	निम्न माध्यमिक विधालय, हर्दिया धरान -२१	Lower Secondary School, Hardiya Dharan-21	31
22872	अमर ज्योति निम्न माध्यमिक विधालय	Amar Jyoti Lower Secondary School	27
23002	सुन्दर निम्न माध्यमिक विधालय छमनिया, बाके	Sundar Lower Secondary School Chamania, Bakay	16
23128	ज्ञानप्रकाश उ॰ माध्यमिक विधालय	Gyan Prakash Higher Secondary School	27
23131	वालचेतना प्राथमिक विद्यालय	Walchetna Primary School	27
23141	जनज्योति प्राथमिक विधालय, रानपोखरी, जुगार	Janjyoti Primary School, Ranpokhri, Jugar	63
23158	भूमिराज निम्न माध्यमिक विधालय, बसैल	Bhumiraj Lower Secondary School, Basail	76
23167	जनता निम्न माध्यमिक विधालय नाथपट्टी विसरभोरा	Janata Lower Secondary School Nathpatti Visaravora	16
23202	शान्ती निकुन्ज निम्न माध्यमिक विधालय	Shanti Nikunj Lower Secondary School	27
23282	देविस्थान निम्न माध्यमिक विधालय	Devisthan Lower Secondary School	27
23321	सिंहकाली निम्न माध्यमिक विधालय, पाकाना तुम्ची, लाफागाँउ १, उदउपुर	Sinhakali Lower Secondary School, Pakana Tumchi, Lafagaon 1, Udupur	14
23327	ने॰रा॰प्रा वि, चपरगौदिया	Nehra Primary School, Chapargaudia	4
23336	प्रगति निम्न माध्यमिक विधालय, बढहरे याङनाम	Pragati Lower Secondary School, Badhare Yangnam	3
23442	ज माध्यमिक विधालय तरही सप्तरी	A secondary school	27
23464	ने रा प्रा वि, माथिल्लो रह्कुल	Ne Ra Primary School, Upper Rahkul	34
23487	जनसंकृत निम्न माध्यमिक विधालय, सेखाम स्याङ	Jansankrit Lower Secondary School, Sekham Sang	53
23501	पंचदेवल उ माध्यमिक प्राविधक तथा व्याबसायिक विद्यालय	Panchdeval U Secondary Technical and Vocational School	27
23651	जनता उ॰ माध्यमिक विधालय रजघट्टा	Janata Higher Secondary School Rajaghatta	17
23768	महेन्द्र माध्यमिक विधालय मटेहिया, बाके	Mahendra Secondary School Matehia, Bakay	16
23783	अमर ज्योति आधारभूत विद्यालय, नयाँगाउँ तनहूँ	Amar Jyoti Basic School, Nayagaon Tanhoo	46
23838	चुरेपर्वत प्राथमिक विधालय, दधिगडा	Chureparvat Primary School, Dadhigarh	73
23842	मालिकार्जुन निम्न माध्यमिक विधालय एगरभगे धुलिगडा	Malikarjun Lower Secondary School Egarbhage Dhuligada	35
23882	ने॰रा॰प्रा वि, छोटी, हलबलडोली	Nehra Primary School, Chhoti, Halbaldoli	76
23900	रा प्रा॰वि, फक्तेपुरबजार	RA PRIMARY SCHOOL, Bhaktepurbazar	24
23947	सरस्वती उच्च् माध्यमिक गो न पा	Saraswati Higher Secondary Go Na Pa	52
23957	चन्द्रकला निम्न माध्यमिक विधालय ।ताकु माँझ	Chandrakala Lower Secondary School. Taku Manjh	40
23959	सूर्यज्योती उ॰ माध्यमिक विधालय ताकुकोटगोरखा	Suryajyoti Higher Secondary School Takukotgorkha	37
23965	श्री किसान प्राथमिक विधालय, वाहुनी दौलतपुर	Shri Kisan Primary School, Vahuni Daulatpur	25
23966	सिद्ध माध्यमिक विधालय रानीगाउँ	Siddha Secondary School Ranigaon	34
23967	कान्ति मन्दिर माध्यमिक विधालय, परेवाडाँडा	Kanti Mandir Secondary School, Parewada	15
24002	प्राथमिक विधालय नेपालचोक, दुम्जा, सन्धुली	Primary School Nepalchok, Dumja, Sandhuli	35
24023	पञ्चवती प्राथमिक विद्यालय, धनुकटा	Panchavati Primary School, Dhanukta	2
24025	पिपलडाँडा प्राथमिक विधालय, मौनाबुधुक	Pipaldanda Primary School, Maunabudhuk	40
24048	छिन्ता उ॰मा॰वि॰ निम्न माध्यमिक विधालय स्याम्वुगाउ	Chinta Higher Secondary School Lower Secondary School Samvugau	66
24056	सरस्वती प्राथमिक विधालय थुमाकोडाँडा	Saraswati Primary School Thumakodanda	30
24071	प्राथमिक विधालय सेमरहना सिसवा	Primary School Semrahna Siswa	34
24158	मैनडाँडा उ॰ माध्यमिक विधालय, हर्दिन	Mandanda Higher Secondary School, Hardin	58
24250	सोमनाथ माध्यमिक विद्यालय, सुनवल, व॰सु॰पश्चिम	Somnath Secondary School, Sunwal, West Bengal	7
24283	मुल निम्न माध्यमिक विधालय हंसपुर	Primary Lower Secondary School Hanspur	1
24309	जनप्रिय प्राथमिक विधालय, सीतापुर	Janapriya Primary School, Sitapur	24
24337	म वि बो उ माध्यमिक विधालय, बल्कोट	V BO U Secondary School, Balkot	64
24350	रामगुलास जनता उ॰ माध्यमिक विधालय, भाडसर	Ramgulas Janata Higher Secondary School, Bhadsar	24
24353	प्राथमिक विधालय, सिसहनियामैनी	Primary School, Sisahniamaini	19
24354	घटाल प्राथमिक विधालय, पाण्डुसैन	Ghatal Primary School, Pandusain	23
24365	प्राथमिक विधालय, कदमाहा -७ कमलपुर	Primary School, Kadamaha-7 Kamalpur	43
24370	ने रा प्राथमिक विधालय, पाङकोकोट तिराम	Ne Ra Primary School, Pangkokot Tiram	19
24374	गणेश ने रा प्राथमिक विधालय, कोल्वाङ पकला	Ganesh Ne Ra Primary School, Kolwang Pakla	61
24401	कोठिभिर प्राथमिक विधालय, स्याउलीवाङ	Kothivir Primary School, Syauliwang	45
24405	भुमेकाथान प्राथमिक विधालय, नारीकोट	Bhumekathaan Primary School, Narikot	64
24407	ने रा प्राथमिक विधालय, जाडगाउँ	Ne Ra Primary School, Jadgaon	62
24417	दीपेन्द्र प्राथमिक विधालय, डाँडाखर्क बादीकोट	Dipendra Primary School, Dandakharak Badikot	64
24418	भुवनेश्वरी निम्न माध्यमिक विधालय, अर्झाम पकला	Bhubaneswari Lower Secondary School, Arzham Pakla	61
24421	बराह निम्न माध्यमिक विधालय, झिम्प खवाङ	Barah Lower Secondary School, Zhimp Khawang	5
24423	इन्द्र प्राथमिक विधालय, खवाङ्ग	Indra Primary School, Khawang	5
24438	विद्योदय उच्च माध्यमिक विधालय, चिउरीडाँडा	Vidyodaya Higher Secondary School, Chiuridanda	29
24439	धौलागिरी निम्न माध्यमिक विधालय, साडी	Dhaulagiri Lower Secondary School, Sadi	70
24445	बाराही प्राथमिक विधालय, शमरेश बागे	Barahi Primary School, Shamresh Baghe	36
24451	जनहीत प्राथमिक विधालय, थुमपोखरी	Janhit Primary School, Thumpokhari	21
24453	भैरव कालिका प्राथमिक विधालय, क्याक्मी	Bhairav Kalika Primary School, Cakmi	51
24454	शारदा निम्न माध्यमिक विधालय, छिन्चु खुर्खेत	Sarada Lower Secondary School, Chinchu Khurkhet	67
24470	सरस्वती प्राथमिक विधालय नुमा सडेक्मा	Saraswati Primary School Numa Sadekma	73
24484	नवकिरण निम्न माध्यमिक विधालय, बाँझकोट	Navkiran Lower Secondary School, Banjkot	57
24486	खम्पजुङ प्राथमिक विधालय, खम्पजुङ मावादीन	Khampjung Primary School, Khampjung Mawadin	31
24503	सिंहेश्वरी प्राथमिक विधालय, जलजला चौरीखर्क	Sinheshwari Primary School, Jaljala Chowrikhark	29
24525	भैरव प्राथमिक विधालय, बदीपोखरा	Bhairav Primary School, Badipokhara	16
24543	उद्वुद्ध उ० माध्यमिक विधालय, रिग्नेरह	Udvuddha U0 Secondary School, Regnerah	19
24561	सेन उ॰ माध्यमिक विधालय, तानसेन	Sen Higher Secondary School, Tansen	46
24583	बानेडुंग्रा प्राथमिक विधालय, बन्लेक	Banedungra Primary School, Banlake	57
24617	कालिका प्राथमिक विधालय, सेरीभावर	Kalika Primary School, Seribhavar	8
24625	महाभारत प्राथमिक विधालय, गांखेत	Mahabharata Primary School, Gankhet	67
24626	महादेव माध्यमिक विधालय, खिन्नेभाडी	Mahadev Secondary School, Khinnebhadi	31
24640	असिग्राम प्राथमिक विधालय तुङ्गा	Asigram Primary School Tunga	7
24651	सर्मेजी निम्न माध्यमिक विधालय, मष्टमाण्डौ	Sarmeji Lower Secondary School, Masthmandou	23
24736	ओखरवाटे मा॰वि, पाखापाती	Okharwate Secondary School, Pakhapati	4
24758	देउराली प्राथमिक विधालय, ढाकावाङ	Deurali Primary School, Dhakawang	31
24774	जनविकास माध्यमिक विधालय, जाररकोट	Jan Vikas Secondary School, Jarrakot	30
24776	नेपाल राष्टि्य प्राथमिक विधालय । शिवपुरी वेतहनी	Nepal National Primary School. Shivpuri Salary	66
24842	दिपेन्द्र आदर्श प्राथमिक विधालय, सोलखम्बु	Dipendra Adarsh Primary School, Solkhambu	10
24860	जनज्योती वामी -९ गुल्मी प्राथमिक विधालय	Janjyoti Wami-9 Gulmi Primary School	27
25025	रन्मामैकोट रुकुम निम्न माध्यमिक विधालय	Ranmamaikot Rukum Lower Secondary School	27
25083	उमातिर्थ माध्यमिक विधालय गुम्देल	Umatirtha Secondary School Gumdel	51
25113	बा॰सु॰उ॰ माध्यमिक विधालय भगवानपुर सिराहा	Bhagwanpur Siraha Higher Secondary School	27
25207	माध्यमिक विधालय ला॰श॰माडर	Secondary School Las Madar	8
25235	रजत जयन्ती प्रा॰ वि॰	Silver Jubilee Primary School	27
25303	विद्या प्रवोधनी उच्च माध्यमिक विद्यालय, घोडासैन	Vidya Pravodhani Higher Secondary School, Ghodasain	9
25412	गुरुकुल वेद विद्याश्रम प्राथमिक विधालय, चिलाउनेवास	Gurukul Veda Vidyashram Primary School, Chilaunewas	29
25494	त्रिनगर उ॰ माध्यमिक विधालय	Trinagar Higher Secondary School	27
25618	त्रिभुवन व्या मा वि	V. in Tribhuvan Vya	58
25640	नारद आदर्श निम्न माध्यमिक विधालय	Narada Adarsh Lower Secondary School	27
26021	जनकल्याण प्राथमिक विद्यालय, धनुकटा	Janakalyan Primary School, Dhanukta	2
26122	कालिका आधारभूत विद्यालय, सन्धुली	Kalika Basic School, Sandhuli	35
26208	शित्तला आधारभूत विद्यालय अर्चले खाँदवारी, खाँदवारी	Shittala Basic School Archle Khandwari, Khandwari	21
26333	सहजीवन प्रा वि	Sahjeevan Primary School	27
26568	ने॰रा॰ प्राथमिक विधालय पिप्रा विर्ता	Nehra Primary School Pi Primary School	27
26669	सुरुगें प्राथमिक विधालय, तांखुवा	Suruge Primary School, Tankhuwa	9
26884	मञ्जरी प्राथमिक विधालय, सन्धिखर्क	Manjari Primary School, Sandhikhark	9
26993	सरस्वती प्राथमिक विधालय, सोबुवा	Saraswati Primary School, Sobuwa	34
27018	श्री कोलडाँडा प्रा वि	Sri Koldanda Primary School	27
27160	सुनकेशर गिल्लेश्वर प्राथमिक विधालय मम्मे	Sunkeshar Gilleswar Primary School Mamme	40
27185	दुर्गा नि मा वि	Durga Lower Secondary School	27
27370	श्रीमती कृष्ण देवी उ॰ माध्यमिक विधालय	Mrs. Krishna Devi Higher Secondary School	27
27400	मसानीदेव आधारभूत विद्यालय, डाेटी	Masanidev Basic School, Dat	53
27406	काडाँमाण्डौ नि मा वि	Kadammandu Lower Secondary School	27
27413	देवस्थल माध्यमिक विधालय, भुमिराजमाण्डौ	Devasthal Secondary School, Bhumirajmandou	23
27529	प्रा॰वि॰ काैवाडाँडा प्राथमिक विधालय	Primary School Kaivadanda Primary School	27
27535	नमूना आधारभूत विद्यालय, महाङ्काल गा॰पा॰, लिलतपुर	Model Basic School, Mahankal District, Lilatpur	25
27568	हरिहर संस्कृत तथा साधारण उ॰ माध्यमिक विधालय	Harihar Sanskrit and General Higher Secondary School	27
27612	कन्या प्राथमिक विधालय, केरावारी	Girls' Primary School, Kerawari	21
27789	भारताेली माध्यमिक विद्यालय, डाेटी	Indian Secondary School, Dat	53
28386	जनकल्याण प्राथमिक विद्यालय, बिचौवापुर, रुपदेन्ही	Janakalyan Primary School, Bichauwapur, Rupdenhi	49
28786	जनउद्धार प्राथमिक विधालय, चिलाउनेवास	Jan Uddhaar Primary School, Chilaunewas	29
28798	सिर्सिहवा निम्न माध्यमिक विधालय	Sirsihwa Lower Secondary School	27
28819	जल कन्या आधारभूत विद्यालय, फालेलुङ, पाँथर	Jal Kanya Basic School, Phalelung, Panther	8
28844	मुकुनादेवी प्राथमिक विधालय, ज्यामिरे	Mukunadevi Primary School, Jamire	62
28936	बाल कल्याण ने॰रा॰ प्राथमिक विधालय	Bal  Kalyan  Department Primary School	27
29012	वराह प्राथमिक विधालय, सिकरपुर	Warah Primary School, Sikarpur	1
29396	सेरोदेवी प्राथमिक विधालय, माटेखर्क	Serodevi Primary School, Matekhark	59
29410	ने॰रा॰प्रा॰वि, आश्वारी, प्रसोतिपुर	Nehra Primary School, Ashwari, Prasotipur	75
29417	रेडपाण्डा वालज्योती आधारभूत विद्यालय, नुवाकाेट	Redpanda Waljyoti Basic School, Nuwara Eliya	58
29546	काप्रे पोखरी प्रा वि	Kapre Pond Primary School	27
29607	श्री यशोधरा प्रा वि, तौलेहवा	Sri Yashodhara Primary School, Taulehwa	34
29639	स्वतन्त्र माध्यमिक विद्यालय कपिलवस्तु	Kapilvastu Independent Secondary School	27
29750	महाविर निम्न माध्यमिक विधालय बकुलहर	Mahavir Lower Secondary School Bakulahar	8
29757	नथुनी आधारभूत विद्यालय दौर्वा	Nasthuni Basic School Tour	1
29786	बागेश्वरी निम्न माध्यमिक विधालय, खैराङ्ग	Bageshwari Lower Secondary School, Khairang	6
